Old UPN,New UPN
i:0#.f|membership|cmiller6@harrahs.org,i:0#.f|membership|cmiller6@lvrio.harrahs.com
i:0#.f|membership|shess@harrahs.org,i:0#.f|membership|shess@caesars.com
i:0#.f|membership|tvalentin@harrahs.org,i:0#.f|membership|tvalentin@horseshoe.com
i:0#.f|membership|awells1@harrahs.org,i:0#.f|membership|awells1@lvrio.harrahs.com
i:0#.f|membership|stucker2@harrahs.org,i:0#.f|membership|stucker2@caesars.com
i:0#.f|membership|mpetrick@harrahs.org,i:0#.f|membership|mpetrick@caesars.com
i:0#.f|membership|kkichline@harrahs.org,i:0#.f|membership|kkichline@caesars.com
i:0#.f|membership|kennamera@harrahs.org,i:0#.f|membership|kennamera@caesars.com
i:0#.f|membership|jgonzales@harrahs.org,i:0#.f|membership|jgonzales@caesars.com
i:0#.f|membership|smcconnaughey@harrahs.org,i:0#.f|membership|smcconnaughey@caesars.com
i:0#.f|membership|khernandez@harrahs.org,i:0#.f|membership|khernandez@caesars.com
i:0#.f|membership|dendre@harrahs.org,i:0#.f|membership|dendre@caesars.com
i:0#.f|membership|mforeman@harrahs.org,i:0#.f|membership|mforeman@cherokee.harrahs.com
i:0#.f|membership|ripatel@harrahs.org,i:0#.f|membership|ripatel@caesars.com
i:0#.f|membership|kgutierrez@harrahs.org,i:0#.f|membership|kgutierrez@caesars.com
i:0#.f|membership|owong@harrahs.org,i:0#.f|membership|owong@harrahs.com
i:0#.f|membership|brownrl@harrahs.org,i:0#.f|membership|brownrl@planethollywood.com
i:0#.f|membership|cbugge@harrahs.org,i:0#.f|membership|cbugge@caesars.com
i:0#.f|membership|sszablewski@harrahs.org,i:0#.f|membership|sszablewski@caesars.com
i:0#.f|membership|rregister@harrahs.org,i:0#.f|membership|rregister@caesars.com
i:0#.f|membership|jrzepka@harrahs.org,i:0#.f|membership|jrzepka@caesars.com
i:0#.f|membership|phandersen@harrahs.org,i:0#.f|membership|phandersen@caesars.com
i:0#.f|membership|nplotnicoff@harrahs.org,i:0#.f|membership|nplotnicoff@caesars.com
i:0#.f|membership|jsanpedro@harrahs.org,i:0#.f|membership|jsanpedro@caesars.com
i:0#.f|membership|kkolasa@harrahs.org,i:0#.f|membership|kkolasa@caesars.com
i:0#.f|membership|nsmith2@harrahs.org,i:0#.f|membership|nsmith2@caesars.com
i:0#.f|membership|cchang@harrahs.org,i:0#.f|membership|cchang@caesars.com
i:0#.f|membership|tmaldonado@harrahs.org,i:0#.f|membership|tmaldonado@harrahs.com
i:0#.f|membership|steellis@harrahs.org,i:0#.f|membership|steellis@lvrio.harrahs.com
i:0#.f|membership|reedc@harrahs.org,i:0#.f|membership|reedc@caesars.com
i:0#.f|membership|issander@harrahs.org,i:0#.f|membership|michelem@caesars.com
i:0#.f|membership|mmassari@harrahs.org,i:0#.f|membership|mmassari@lvrio.harrahs.com
i:0#.f|membership|adonn@harrahs.org,i:0#.f|membership|adonn@caesars.com
i:0#.f|membership|wtsmith@harrahs.org,i:0#.f|membership|wtsmith@harrahs.com
i:0#.f|membership|lworthan@harrahs.org,i:0#.f|membership|lworthan@caesars.com
i:0#.f|membership|bduck@harrahs.org,i:0#.f|membership|bduck@caesars.com
i:0#.f|membership|mgrubich@harrahs.org,i:0#.f|membership|mwheeler@caesars.com
i:0#.f|membership|ijimenez@harrahs.org,i:0#.f|membership|ijimenez@caesars.com
i:0#.f|membership|brose@harrahs.org,i:0#.f|membership|brose@caesars.com
i:0#.f|membership|rwashington1@harrahs.org,i:0#.f|membership|rwashington1@caesars.com
i:0#.f|membership|mariawilson@harrahs.org,i:0#.f|membership|mariawilson@caesars.com
i:0#.f|membership|glopez2@harrahs.org,i:0#.f|membership|glopez2@caesars.com
i:0#.f|membership|jaguirre@harrahs.org,i:0#.f|membership|jaguirre@caesars.com
i:0#.f|membership|robrien@harrahs.org,i:0#.f|membership|robrien@caesars.com
i:0#.f|membership|lmarshall@harrahs.org,i:0#.f|membership|lmarshall@caesars.com
i:0#.f|membership|ppatel@harrahs.org,i:0#.f|membership|ppatel@caesars.com
i:0#.f|membership|rballiot@harrahs.org,i:0#.f|membership|rballiot@harrahs.com
i:0#.f|membership|fdalsanto@harrahs.org,i:0#.f|membership|fdalsanto@caesars.com
i:0#.f|membership|acarr1@harrahs.org,i:0#.f|membership|adunn1@caesars.com
i:0#.f|membership|dlevine@harrahs.org,i:0#.f|membership|dlevine@caesars.com
i:0#.f|membership|lgardner1@harrahs.org,i:0#.f|membership|lgardner1@caesars.com
i:0#.f|membership|hphillips@harrahs.org,i:0#.f|membership|hphillips@caesars.com
i:0#.f|membership|tbley@harrahs.org,i:0#.f|membership|tbley@caesars.com
i:0#.f|membership|gibsonr@harrahs.org,i:0#.f|membership|gibsonr@caesars.com
i:0#.f|membership|bbates@harrahs.org,i:0#.f|membership|bbates@caesars.com
i:0#.f|membership|mikerogers@harrahs.org,i:0#.f|membership|mikerogers@caesars.com
i:0#.f|membership|cmiller@harrahs.org,i:0#.f|membership|cmiller@harrahs.com
i:0#.f|membership|btarr@harrahs.org,i:0#.f|membership|btarr@caesars.com
i:0#.f|membership|mabbinante@harrahs.org,i:0#.f|membership|mabbinante@caesars.com
i:0#.f|membership|bthaxton@harrahs.org,i:0#.f|membership|bthaxton@caesars.com
i:0#.f|membership|enelson@harrahs.org,i:0#.f|membership|enelson@caesars.com
i:0#.f|membership|ktun@harrahs.org,i:0#.f|membership|ktun@caesars.com
i:0#.f|membership|wbeine@harrahs.org,i:0#.f|membership|wbeine@caesars.com
i:0#.f|membership|rraghavan@harrahs.org,i:0#.f|membership|rraghavan@caesars.com
i:0#.f|membership|tmcgill@harrahs.org,i:0#.f|membership|tmcgill@caesars.com
i:0#.f|membership|jromero2@harrahs.org,i:0#.f|membership|jromero2@caesars.com
i:0#.f|membership|dzerhusen@harrahs.org,i:0#.f|membership|dzerhusen@caesars.com
i:0#.f|membership|bsanders1@harrahs.org,i:0#.f|membership|bsanders1@caesars.com
i:0#.f|membership|mlukic@harrahs.org,i:0#.f|membership|mlukic@caesars.com
i:0#.f|membership|ehession@harrahs.org,i:0#.f|membership|ehession@caesars.com
i:0#.f|membership|malar@harrahs.org,i:0#.f|membership|malar@caesars.com
i:0#.f|membership|bgraeser@harrahs.org,i:0#.f|membership|bgraeser@caesars.com
i:0#.f|membership|tmcmanus@harrahs.org,i:0#.f|membership|tmcmanus@caesars.com
i:0#.f|membership|mdiaz@harrahs.org,i:0#.f|membership|mdiaz@caesars.com
i:0#.f|membership|pcripe@harrahs.org,i:0#.f|membership|pcripe@caesars.com
i:0#.f|membership|nbarnes1@harrahs.org,i:0#.f|membership|nbarnes1@caesars.com
i:0#.f|membership|mthomson1@harrahs.org,i:0#.f|membership|mthomson1@caesars.com
i:0#.f|membership|cgraham@harrahs.org,i:0#.f|membership|cgraham@caesars.com
i:0#.f|membership|mselby@harrahs.org,i:0#.f|membership|mselby@caesars.com
i:0#.f|membership|agupta1@harrahs.org,i:0#.f|membership|agupta1@caesars.com
i:0#.f|membership|jolmstead@harrahs.org,i:0#.f|membership|jolmstead@caesars.com
i:0#.f|membership|nmuhammadumer@harrahs.org,i:0#.f|membership|nmuhammadumer@caesars.com
i:0#.f|membership|scarlyle@harrahs.org,i:0#.f|membership|scarlyle@caesars.com
i:0#.f|membership|mccuek@harrahs.org,i:0#.f|membership|mccuek@caesars.com
i:0#.f|membership|vmunroe@harrahs.org,i:0#.f|membership|vmunroe@caesars.com
i:0#.f|membership|ewallace@harrahs.org,i:0#.f|membership|ewallace@caesars.com
i:0#.f|membership|sredona@harrahs.org,i:0#.f|membership|sredona@lvrio.harrahs.com
i:0#.f|membership|ncoltor@harrahs.org,i:0#.f|membership|ncoltor@harrahs.com
i:0#.f|membership|rmills1@harrahs.org,i:0#.f|membership|rmills1@caesars.com
i:0#.f|membership|mgarber@harrahs.org,i:0#.f|membership|mgarber@caesars.com
i:0#.f|membership|rbrimmer@harrahs.org,i:0#.f|membership|rbrimmer@caesars.com
i:0#.f|membership|sskinner@harrahs.org,i:0#.f|membership|sskinner@caesars.com
i:0#.f|membership|esgrajeda@harrahs.org,i:0#.f|membership|esgrajeda@caesars.com
i:0#.f|membership|vcaldwell@harrahs.org,i:0#.f|membership|vcaldwell@caesars.com
i:0#.f|membership|cfrost@harrahs.org,i:0#.f|membership|cfrost@caesars.com
i:0#.f|membership|jewing@harrahs.org,i:0#.f|membership|jewing@caesars.com
i:0#.f|membership|selkins@harrahs.org,i:0#.f|membership|selkins@caesars.com
i:0#.f|membership|bwilby@harrahs.org,i:0#.f|membership|bwilby@caesars.com
i:0#.f|membership|aphair@harrahs.org,i:0#.f|membership|aphair@caesars.com
i:0#.f|membership|vikammer@harrahs.org,i:0#.f|membership|jeank@caesars.com
i:0#.f|membership|ghuelsman@harrahs.org,i:0#.f|membership|ghuelsman@caesars.com
i:0#.f|membership|mgrey@harrahs.org,i:0#.f|membership|mgrey@caesarspalace.com
i:0#.f|membership|jeaton@harrahs.org,i:0#.f|membership|jeaton@caesars.com
i:0#.f|membership|kfloyd@harrahs.org,i:0#.f|membership|kfloyd@caesars.com
i:0#.f|membership|ctaketa@harrahs.org,i:0#.f|membership|ctaketa@caesars.com
i:0#.f|membership|dthaler@harrahs.org,i:0#.f|membership|dthaler@caesars.com
i:0#.f|membership|lfiato@harrahs.org,i:0#.f|membership|lfiato@caesars.com
i:0#.f|membership|chusak@harrahs.org,i:0#.f|membership|chusak@caesars.com
i:0#.f|membership|dgaccione1@harrahs.org,i:0#.f|membership|dgaccione1@caesars.com
i:0#.f|membership|vwong@harrahs.org,i:0#.f|membership|vwong@caesars.com
i:0#.f|membership|sacquaviva@harrahs.org,i:0#.f|membership|sacquaviva@caesars.com
i:0#.f|membership|mserching@harrahs.org,i:0#.f|membership|mserching@caesars.com
i:0#.f|membership|mmann@harrahs.org,i:0#.f|membership|mmann@lvrio.harrahs.com
i:0#.f|membership|thoch@harrahs.org,i:0#.f|membership|thoch@caesars.com
i:0#.f|membership|dalvarado@harrahs.org,i:0#.f|membership|dalvarado@caesars.com
i:0#.f|membership|rmakar@harrahs.org,i:0#.f|membership|rmakar@caesars.com
i:0#.f|membership|jrohrer@harrahs.org,i:0#.f|membership|jrohrer@caesars.com
i:0#.f|membership|lbrotherson@harrahs.org,i:0#.f|membership|lbrotherson@lasvegas.harrahs.com
i:0#.f|membership|sandrews1@harrahs.org,i:0#.f|membership|sandrews1@caesars.com
i:0#.f|membership|ajeyasingh@harrahs.org,i:0#.f|membership|ajeyasingh@caesars.com
i:0#.f|membership|bbunney@harrahs.org,i:0#.f|membership|bbunney@caesars.com
i:0#.f|membership|smathai@harrahs.org,i:0#.f|membership|smathai@caesars.com
i:0#.f|membership|lmarquez@harrahs.org,i:0#.f|membership|lmarquez@caesars.com
i:0#.f|membership|sivanov@harrahs.org,i:0#.f|membership|sivanov@caesars.com
i:0#.f|membership|jfox@harrahs.org,i:0#.f|membership|jfox@caesars.com
i:0#.f|membership|rpace2@harrahs.org,i:0#.f|membership|rpace2@caesars.com
i:0#.f|membership|jlaura@harrahs.org,i:0#.f|membership|jlaura@caesars.com
i:0#.f|membership|njones4@harrahs.org,i:0#.f|membership|njones4@caesars.com
i:0#.f|membership|smillett@harrahs.org,i:0#.f|membership|smillett@lvrio.harrahs.com
i:0#.f|membership|qpanem@harrahs.org,i:0#.f|membership|qpanem@caesars.com
i:0#.f|membership|sjackson@harrahs.org,i:0#.f|membership|sjackson@caesars.com
i:0#.f|membership|bsaunooke@harrahs.org,i:0#.f|membership|bsaunooke@cherokee.harrahs.com
i:0#.f|membership|schi@harrahs.org,i:0#.f|membership|schi@caesars.com
i:0#.f|membership|mazzaf@harrahs.org,i:0#.f|membership|mazzaf@caesars.com
i:0#.f|membership|ltreppler@harrahs.org,i:0#.f|membership|ltreppler@caesars.com
i:0#.f|membership|achaves@harrahs.org,i:0#.f|membership|achaves@caesars.com
i:0#.f|membership|hflores@harrahs.org,i:0#.f|membership|hflores@caesars.com
i:0#.f|membership|jcollins@harrahs.org,i:0#.f|membership|jcollins@caesars.com
i:0#.f|membership|vespinosa@harrahs.org,i:0#.f|membership|vespinosa@caesars.com
i:0#.f|membership|mprimm@harrahs.org,i:0#.f|membership|mprimm@caesars.com
i:0#.f|membership|jcaldwell@harrahs.org,i:0#.f|membership|jcaldwell@cherokee.harrahs.com
i:0#.f|membership|edavis1@harrahs.org,i:0#.f|membership|edavis1@caesars.com
i:0#.f|membership|dreal@harrahs.org,i:0#.f|membership|dreal@caesars.com
i:0#.f|membership|mbertholf@harrahs.org,i:0#.f|membership|mbertholf@caesars.com
i:0#.f|membership|vradhakrishnan@harrahs.org,i:0#.f|membership|vradhakrishnan@caesars.com
i:0#.f|membership|ahussain@harrahs.org,i:0#.f|membership|ahussain@caesars.com
i:0#.f|membership|tslater@harrahs.org,i:0#.f|membership|tslater@harrahs.com
i:0#.f|membership|moneill1@harrahs.org,i:0#.f|membership|moneill@caesars.com
i:0#.f|membership|kebrown@harrahs.org,i:0#.f|membership|kebrown@harrahs.com
i:0#.f|membership|dinerosm@harrahs.org,i:0#.f|membership|dinerosm@caesars.com
i:0#.f|membership|aworl@harrahs.org,i:0#.f|membership|aworl@harrahs.com
i:0#.f|membership|jgonzalez@harrahs.org,i:0#.f|membership|jgonzalez@caesars.com
i:0#.f|membership|mcdanielb@harrahs.org,i:0#.f|membership|mcdanielb@caesars.com
i:0#.f|membership|jdermody@harrahs.org,i:0#.f|membership|jdermody@caesars.com
i:0#.f|membership|jschatz@harrahs.org,i:0#.f|membership|jschatz@caesars.com
i:0#.f|membership|tdonovan@harrahs.org,i:0#.f|membership|tdonovan@caesars.com
i:0#.f|membership|chowell1@harrahs.org,i:0#.f|membership|chowell1@caesars.com
i:0#.f|membership|rjolson@harrahs.org,i:0#.f|membership|rjolson@caesars.com
i:0#.f|membership|lmathis@harrahs.org,i:0#.f|membership|lmathis@caesars.com
i:0#.f|membership|jvenuti@harrahs.org,i:0#.f|membership|jvenuti@caesars.com
i:0#.f|membership|lpicini@harrahs.org,i:0#.f|membership|lpicini@caesars.com
i:0#.f|membership|npankows@harrahs.org,i:0#.f|membership|npankows@caesars.com
i:0#.f|membership|cnandigam@harrahs.org,i:0#.f|membership|cnandigam@caesars.com
i:0#.f|membership|kjenkins@harrahs.org,i:0#.f|membership|kjenkins@lvrio.harrahs.com
i:0#.f|membership|gbandi@harrahs.org,i:0#.f|membership|gvikranth@caesars.com
i:0#.f|membership|cmortimore@harrahs.org,i:0#.f|membership|cmortimore@caesars.com
i:0#.f|membership|mnapier@harrahs.org,i:0#.f|membership|mnapier@harrahs.com
i:0#.f|membership|jlysowski@harrahs.org,i:0#.f|membership|jlysowski@caesars.com
i:0#.f|membership|szykan@harrahs.org,i:0#.f|membership|szykan@harrahs.com
i:0#.f|membership|eirwin@harrahs.org,i:0#.f|membership|eirwin@caesars.com
i:0#.f|membership|krodriguez@harrahs.org,i:0#.f|membership|krodriguez@harrahs.com
i:0#.f|membership|uvalluru@harrahs.org,i:0#.f|membership|uvalluru@caesars.com
i:0#.f|membership|ppetric@harrahs.org,i:0#.f|membership|ppetric@caesars.com
i:0#.f|membership|awelch@harrahs.org,i:0#.f|membership|awelch@caesars.com
i:0#.f|membership|josephc@harrahs.org,i:0#.f|membership|josephc@caesars.com
i:0#.f|membership|csimmons@harrahs.org,i:0#.f|membership|csimmons@harrahs.com
i:0#.f|membership|jozark@harrahs.org,i:0#.f|membership|jozark@caesars.com
i:0#.f|membership|lpippenger@harrahs.org,i:0#.f|membership|lpippenger@caesars.com
i:0#.f|membership|aalexander3@harrahs.org,i:0#.f|membership|aalexander3@caesars.com
i:0#.f|membership|capparellim@harrahs.org,i:0#.f|membership|capparellim@lvrio.harrahs.com
i:0#.f|membership|pfeist@harrahs.org,i:0#.f|membership|pfeist@caesars.com
i:0#.f|membership|cbork@harrahs.org,i:0#.f|membership|cbork@caesars.com
i:0#.f|membership|toconnor@harrahs.org,i:0#.f|membership|toconnor@lvrio.harrahs.com
i:0#.f|membership|tpowe@harrahs.org,i:0#.f|membership|tpowe@caesars.com
i:0#.f|membership|stse@harrahs.org,i:0#.f|membership|stse@lvrio.harrahs.com
i:0#.f|membership|rbonilla@harrahs.org,i:0#.f|membership|rbonilla@caesars.com
i:0#.f|membership|kramesh@harrahs.org,i:0#.f|membership|kramesh@caesars.com
i:0#.f|membership|rsienkowski@harrahs.org,i:0#.f|membership|rsienkowski@caesars.com
i:0#.f|membership|kchiles@harrahs.org,i:0#.f|membership|kchiles@caesars.com
i:0#.f|membership|dnita@harrahs.org,i:0#.f|membership|dnita@caesars.com
i:0#.f|membership|kbansal@harrahs.org,i:0#.f|membership|kbansal@caesars.com
i:0#.f|membership|khendrickson@harrahs.org,i:0#.f|membership|khendrickson@caesars.com
i:0#.f|membership|tjenkin@harrahs.org,i:0#.f|membership|tjenkin@caesars.com
i:0#.f|membership|lbenkoil@harrahs.org,i:0#.f|membership|lbenkoil@caesars.com
i:0#.f|membership|cerickson@harrahs.org,i:0#.f|membership|cerickson@harrahs.com
i:0#.f|membership|twilbur@harrahs.org,i:0#.f|membership|twilbur@caesars.com
i:0#.f|membership|esternhill@harrahs.org,i:0#.f|membership|esternhill@caesars.com
i:0#.f|membership|bwitters@harrahs.org,i:0#.f|membership|bwitters@lvrio.harrahs.com
i:0#.f|membership|rankinl@harrahs.org,i:0#.f|membership|rankinl@caesars.com
i:0#.f|membership|mrich@harrahs.org,i:0#.f|membership|mikerich@caesars.com
i:0#.f|membership|jaggersj@harrahs.org,i:0#.f|membership|jaggersj@caesarspalace.com
i:0#.f|membership|pgatens@harrahs.org,i:0#.f|membership|pgatens@caesars.com
i:0#.f|membership|nmigliacci@harrahs.org,i:0#.f|membership|nmigliacci@caesars.com
i:0#.f|membership|tprocak@harrahs.org,i:0#.f|membership|tprocak@harrahs.com
i:0#.f|membership|thenrich@harrahs.org,i:0#.f|membership|thenrich@harrahs.com
i:0#.f|membership|hewab@harrahs.org,i:0#.f|membership|hewab@caesars.com
i:0#.f|membership|rwhitmore@harrahs.org,i:0#.f|membership|rwhitmore@caesars.com
i:0#.f|membership|helliott@harrahs.org,i:0#.f|membership|helliott@lvrio.harrahs.com
i:0#.f|membership|vdapper@harrahs.org,i:0#.f|membership|vdapper@caesars.com
i:0#.f|membership|jzietz@harrahs.org,i:0#.f|membership|jzietz@caesars.com
i:0#.f|membership|jlazaro@harrahs.org,i:0#.f|membership|jlazaro@lvrio.harrahs.com
i:0#.f|membership|kcarpenter@harrahs.org,i:0#.f|membership|kcarpenter@caesarspalace.com
i:0#.f|membership|suboleskij@harrahs.org,i:0#.f|membership|suboleskij@caesars.com
i:0#.f|membership|hshaik@harrahs.org,i:0#.f|membership|hshaik@caesars.com
i:0#.f|membership|jmaurer@harrahs.org,i:0#.f|membership|jmaurer@caesars.com
i:0#.f|membership|zgreatwood@harrahs.org,i:0#.f|membership|zgreatwood@caesars.com
i:0#.f|membership|esherj@harrahs.org,i:0#.f|membership|esherj@harrahs.com
i:0#.f|membership|vailh@harrahs.org,i:0#.f|membership|vailh@caesars.com
i:0#.f|membership|lbuffing@harrahs.org,i:0#.f|membership|lbuffing@caesars.com
i:0#.f|membership|csicilia@harrahs.org,i:0#.f|membership|csicilia@caesars.com
i:0#.f|membership|timlambert@harrahs.org,i:0#.f|membership|tlambert@caesars.com
i:0#.f|membership|trutten@harrahs.org,i:0#.f|membership|trutten@caesars.com
i:0#.f|membership|agarza1@harrahs.org,i:0#.f|membership|agarza1@caesars.com
i:0#.f|membership|tkorkow@harrahs.org,i:0#.f|membership|tkorkow@lvrio.harrahs.com
i:0#.f|membership|brandiellis@harrahs.org,i:0#.f|membership|brandiellis@lvrio.harrahs.com
i:0#.f|membership|ehansen@harrahs.org,i:0#.f|membership|ehansen2@caesars.com
i:0#.f|membership|kadams1@harrahs.org,i:0#.f|membership|kadams1@caesars.com
i:0#.f|membership|vobrien@harrahs.org,i:0#.f|membership|vobrien@lvrio.harrahs.com
i:0#.f|membership|msapundzhieva@harrahs.org,i:0#.f|membership|msapundzhieva@caesars.com
i:0#.f|membership|rpisano@harrahs.org,i:0#.f|membership|rpisano@caesars.com
i:0#.f|membership|rbissell@harrahs.org,i:0#.f|membership|rbissell@caesars.com
i:0#.f|membership|mpena@harrahs.org,i:0#.f|membership|mpena@caesars.com
i:0#.f|membership|amaresca@harrahs.org,i:0#.f|membership|amaresca@caesars.com
i:0#.f|membership|kdurairaj@harrahs.org,i:0#.f|membership|kdurairaj@caesars.com
i:0#.f|membership|buschmanj@harrahs.org,i:0#.f|membership|buschmanj@harrahs.com
i:0#.f|membership|tyadams@harrahs.org,i:0#.f|membership|tyadams@caesars.com
i:0#.f|membership|mmaxwell@harrahs.org,i:0#.f|membership|mmaxwell@caesars.com
i:0#.f|membership|gbarr@harrahs.org,i:0#.f|membership|gbarr@caesars.com
i:0#.f|membership|devennyb@harrahs.org,i:0#.f|membership|devennyb@caesars.com
i:0#.f|membership|snowc@harrahs.org,i:0#.f|membership|snowc@caesars.com
i:0#.f|membership|mrhodes@harrahs.org,i:0#.f|membership|mrhodes@caesars.com
i:0#.f|membership|teagan@harrahs.org,i:0#.f|membership|teagan@caesars.com
i:0#.f|membership|mdaley2@harrahs.org,i:0#.f|membership|mdaley2@caesars.com
i:0#.f|membership|belliott@harrahs.org,i:0#.f|membership|belliott@caesars.com
i:0#.f|membership|lyahrling@harrahs.org,i:0#.f|membership|lyahrling@caesars.com
i:0#.f|membership|bpossanza@harrahs.org,i:0#.f|membership|bpossanza@caesars.com
i:0#.f|membership|blopez@harrahs.org,i:0#.f|membership|blopez@caesars.com
i:0#.f|membership|wansley@harrahs.org,i:0#.f|membership|wansley@caesars.com
i:0#.f|membership|spanchapakesan@harrahs.org,i:0#.f|membership|spanchapakesan@caesars.com
i:0#.f|membership|mcerda1@harrahs.org,i:0#.f|membership|mcerda1@caesars.com
i:0#.f|membership|kbaugh@harrahs.org,i:0#.f|membership|kbaugh@caesars.com
i:0#.f|membership|creynosa@harrahs.org,i:0#.f|membership|creynosa@caesars.com
i:0#.f|membership|aimiller@harrahs.org,i:0#.f|membership|aimiller@caesars.com
i:0#.f|membership|mbhatia@harrahs.org,i:0#.f|membership|mbhatia@caesars.com
i:0#.f|membership|spurcell1@harrahs.org,i:0#.f|membership|spurcell1@caesars.com
i:0#.f|membership|ldefeo@harrahs.org,i:0#.f|membership|ldefeoiii@harrahs.com
i:0#.f|membership|dwilkinson@harrahs.org,i:0#.f|membership|dwilkinson@caesars.com
i:0#.f|membership|ajablokov@harrahs.org,i:0#.f|membership|ajablokov@caesars.com
i:0#.f|membership|tgulley@harrahs.org,i:0#.f|membership|tguiley@caesars.com
i:0#.f|membership|gselesner@harrahs.org,i:0#.f|membership|gselesner@caesarspalace.com
i:0#.f|membership|sbecker1@harrahs.org,i:0#.f|membership|sbecker1@caesars.com
i:0#.f|membership|asandberg@harrahs.org,i:0#.f|membership|asandberg@caesars.com
i:0#.f|membership|jblakemore@harrahs.org,i:0#.f|membership|jblakemore@caesars.com
i:0#.f|membership|lballner@harrahs.org,i:0#.f|membership|lballner@caesars.com
i:0#.f|membership|tekphoc@harrahs.org,i:0#.f|membership|tekphoc@caesars.com
i:0#.f|membership|mhaque@harrahs.org,i:0#.f|membership|mhaque@caesars.com
i:0#.f|membership|jmixon1@harrahs.org,i:0#.f|membership|jmixon1@caesars.com
i:0#.f|membership|asakoda@harrahs.org,i:0#.f|membership|asakoda@caesars.com
i:0#.f|membership|rtchak@harrahs.org,i:0#.f|membership|rtchak@caesars.com
i:0#.f|membership|mroley@harrahs.org,i:0#.f|membership|mroley@caesars.com
i:0#.f|membership|lajdini@harrahs.org,i:0#.f|membership|lajdini@caesars.com
i:0#.f|membership|moneal@harrahs.org,i:0#.f|membership|moneal@lvrio.harrahs.com
i:0#.f|membership|dmarin@harrahs.org,i:0#.f|membership|dmarin@caesars.com
i:0#.f|membership|kgrier@harrahs.org,i:0#.f|membership|kgrier@caesars.com
i:0#.f|membership|hrikard@harrahs.org,i:0#.f|membership|hrikard@caesars.com
i:0#.f|membership|pthomas1@harrahs.org,i:0#.f|membership|pthomas1@caesars.com
i:0#.f|membership|ckrcmaric@harrahs.org,i:0#.f|membership|ckrcmaric@caesars.com
i:0#.f|membership|mboutajrit@harrahs.org,i:0#.f|membership|mboutajrit@caesars.com
i:0#.f|membership|svincent@harrahs.org,i:0#.f|membership|svincent@caesars.com
i:0#.f|membership|mobrien@harrahs.org,i:0#.f|membership|mobrien@caesars.com
i:0#.f|membership|cahuey@harrahs.org,i:0#.f|membership|cahuey@caesars.com
i:0#.f|membership|kkaiser1@harrahs.org,i:0#.f|membership|kkaiser1@caesars.com
i:0#.f|membership|smoser@harrahs.org,i:0#.f|membership|smoser@caesars.com
i:0#.f|membership|jhinkle@harrahs.org,i:0#.f|membership|jhinkle@harrahs.com
i:0#.f|membership|ssilvas@harrahs.org,i:0#.f|membership|ssilvas@lvrio.harrahs.com
i:0#.f|membership|johnsonnita@harrahs.org,i:0#.f|membership|johnsonnita@caesars.com
i:0#.f|membership|mmarasia@harrahs.org,i:0#.f|membership|mmarasia@caesars.com
i:0#.f|membership|kroxas@harrahs.org,i:0#.f|membership|kroxas@caesars.com
i:0#.f|membership|bbaylor@harrahs.org,i:0#.f|membership|bbaylor@caesars.com
i:0#.f|membership|zbarrus@harrahs.org,i:0#.f|membership|zbarrus@lvrio.harrahs.com
i:0#.f|membership|mbhakta@harrahs.org,i:0#.f|membership|mbhakta@caesars.com
i:0#.f|membership|ggarcia2@harrahs.org,i:0#.f|membership|ggarcia2@caesars.com
i:0#.f|membership|mpurzycki@harrahs.org,i:0#.f|membership|mpurzycki@caesars.com
i:0#.f|membership|jplough@harrahs.org,i:0#.f|membership|jplough@caesars.com
i:0#.f|membership|jhernandez1@harrahs.org,i:0#.f|membership|jhernandez1@caesars.com
i:0#.f|membership|kkursell@harrahs.org,i:0#.f|membership|kkursell@harrahs.com
i:0#.f|membership|aclark4@harrahs.org,i:0#.f|membership|aclark4@caesars.com
i:0#.f|membership|swgeorge@harrahs.org,i:0#.f|membership|swgeorge@caesars.com
i:0#.f|membership|hmohammad@harrahs.org,i:0#.f|membership|hmohammad@caesars.com
i:0#.f|membership|mwalker@harrahs.org,i:0#.f|membership|mwalker@caesars.com
i:0#.f|membership|lschmitz2@harrahs.org,i:0#.f|membership|lschmitz2@caesars.com
i:0#.f|membership|flopez2@harrahs.org,i:0#.f|membership|flopez2@harrahs.com
i:0#.f|membership|jwade@harrahs.org,i:0#.f|membership|jwade@caesars.com
i:0#.f|membership|kortzman@harrahs.org,i:0#.f|membership|kortzman@caesars.com
i:0#.f|membership|jevans@harrahs.org,i:0#.f|membership|jevans@harrahs.com
i:0#.f|membership|petea@harrahs.org,i:0#.f|membership|petea@caesars.com
i:0#.f|membership|dchamie@harrahs.org,i:0#.f|membership|dchamie@caesars.com
i:0#.f|membership|shernandez3@harrahs.org,i:0#.f|membership|shernandez3@caesars.com
i:0#.f|membership|kwilliston@harrahs.org,i:0#.f|membership|kwilliston@caesars.com
i:0#.f|membership|dsantarelli@harrahs.org,i:0#.f|membership|dsantarelli@caesars.com
i:0#.f|membership|mmorales2@harrahs.org,i:0#.f|membership|marc.morales@caesars.com
i:0#.f|membership|cfletcher@harrahs.org,i:0#.f|membership|cfletcher@caesars.com
i:0#.f|membership|awedmore@harrahs.org,i:0#.f|membership|awedmore@caesars.com
i:0#.f|membership|brodriguez@harrahs.org,i:0#.f|membership|brodriguez@caesars.com
i:0#.f|membership|mbennett1@harrahs.org,i:0#.f|membership|michaelbennett1@caesars.com
i:0#.f|membership|rerodriguez@harrahs.org,i:0#.f|membership|rerodriguez@lasvegas.harrahs.com
i:0#.f|membership|dholsom@harrahs.org,i:0#.f|membership|dholsom@harrahs.com
i:0#.f|membership|gknapp@harrahs.org,i:0#.f|membership|gknapp@caesars.com
i:0#.f|membership|asipp@harrahs.org,i:0#.f|membership|asipp@caesars.com
i:0#.f|membership|mjensen@harrahs.org,i:0#.f|membership|mjensen@caesars.com
i:0#.f|membership|rgoldich@harrahs.org,i:0#.f|membership|rgoldich@caesars.com
i:0#.f|membership|ctorres@harrahs.org,i:0#.f|membership|ctorres@caesars.com
i:0#.f|membership|wshen@harrahs.org,i:0#.f|membership|wshen@caesars.com
i:0#.f|membership|mpalakkat@harrahs.org,i:0#.f|membership|mpalakkat@caesars.com
i:0#.f|membership|atumulak@harrahs.org,i:0#.f|membership|atumulak@caesars.com
i:0#.f|membership|mli1@harrahs.org,i:0#.f|membership|mli1@caesars.com
i:0#.f|membership|rbruno@harrahs.org,i:0#.f|membership|rbruno@caesars.com
i:0#.f|membership|mgallegos1@harrahs.org,i:0#.f|membership|mgallegos1@caesars.com
i:0#.f|membership|nschneider@harrahs.org,i:0#.f|membership|nschneider@caesars.com
i:0#.f|membership|janetyler@harrahs.org,i:0#.f|membership|janetyler@caesars.com
i:0#.f|membership|twheeler@harrahs.org,i:0#.f|membership|twheeler@lvrio.harrahs.com
i:0#.f|membership|crow@harrahs.org,i:0#.f|membership|crow1@caesars.com
i:0#.f|membership|pocampo@harrahs.org,i:0#.f|membership|pocampo@caesars.com
i:0#.f|membership|hlin@harrahs.org,i:0#.f|membership|hlin@caesars.com
i:0#.f|membership|cmatthews2@harrahs.org,i:0#.f|membership|cmatthews2@caesars.com
i:0#.f|membership|smayeaux@harrahs.org,i:0#.f|membership|smayeaux@caesars.com
i:0#.f|membership|jbeasley@harrahs.org,i:0#.f|membership|jkillmarti@harrahs.com
i:0#.f|membership|mlee2@harrahs.org,i:0#.f|membership|mlee2@caesars.com
i:0#.f|membership|seaveyj@harrahs.org,i:0#.f|membership|seaveyj@caesars.com
i:0#.f|membership|asnyder@harrahs.org,i:0#.f|membership|asnyder@cherokee.harrahs.com
i:0#.f|membership|mcastrejon@harrahs.org,i:0#.f|membership|mcastrejon@caesars.com
i:0#.f|membership|tkhilnani@harrahs.org,i:0#.f|membership|tkhilnani@caesars.com
i:0#.f|membership|hzhang@harrahs.org,i:0#.f|membership|hzhang@caesars.com
i:0#.f|membership|dsalas1@harrahs.org,i:0#.f|membership|dsalas1@caesars.com
i:0#.f|membership|sturner@harrahs.org,i:0#.f|membership|sturner@lasvegas.harrahs.com
i:0#.f|membership|mokeefe@harrahs.org,i:0#.f|membership|mokeefe@caesars.com
i:0#.f|membership|ldubose@harrahs.org,i:0#.f|membership|ldubose@caesars.com
i:0#.f|membership|bguidry@harrahs.org,i:0#.f|membership|bguidry@caesars.com
i:0#.f|membership|dpace@harrahs.org,i:0#.f|membership|dpace@caesars.com
i:0#.f|membership|rposner@harrahs.org,i:0#.f|membership|rposner@caesars.com
i:0#.f|membership|svolante@harrahs.org,i:0#.f|membership|svolante@caesars.com
i:0#.f|membership|dhodge@harrahs.org,i:0#.f|membership|dhodge@caesars.com
i:0#.f|membership|vruiz@harrahs.org,i:0#.f|membership|vrozier@lvrio.harrahs.com
i:0#.f|membership|pkang@harrahs.org,i:0#.f|membership|pkang@caesars.com
i:0#.f|membership|swiegand@harrahs.org,i:0#.f|membership|swiegand@caesars.com
i:0#.f|membership|jross@harrahs.org,i:0#.f|membership|jross@caesars.com
i:0#.f|membership|tricketts@harrahs.org,i:0#.f|membership|tricketts@caesars.com
i:0#.f|membership|kmekapati@harrahs.org,i:0#.f|membership|kmekapati@caesars.com
i:0#.f|membership|acorbin@harrahs.org,i:0#.f|membership|acorbin@caesars.com
i:0#.f|membership|ddeittrick@harrahs.org,i:0#.f|membership|ddeittrick@caesars.com
i:0#.f|membership|rkannan@harrahs.org,i:0#.f|membership|rkannan@caesars.com
i:0#.f|membership|ylozano@harrahs.org,i:0#.f|membership|ylozano@caesars.com
i:0#.f|membership|lstmartin@harrahs.org,i:0#.f|membership|lstmartin@caesars.com
i:0#.f|membership|jglass@harrahs.org,i:0#.f|membership|jglass@caesars.com
i:0#.f|membership|rmandal@harrahs.org,i:0#.f|membership|rmandal@caesars.com
i:0#.f|membership|klo@harrahs.org,i:0#.f|membership|klo@caesars.com
i:0#.f|membership|wnicholas@harrahs.org,i:0#.f|membership|wnicholas@caesars.com
i:0#.f|membership|cleach@harrahs.org,i:0#.f|membership|cleach@caesars.com
i:0#.f|membership|kkuick@harrahs.org,i:0#.f|membership|kkuick@caesars.com
i:0#.f|membership|kduran@harrahs.org,i:0#.f|membership|kduran@caesars.com
i:0#.f|membership|scoffin@harrahs.org,i:0#.f|membership|scoffin@caesars.com
i:0#.f|membership|mammon@harrahs.org,i:0#.f|membership|mammon@harrahs.com
i:0#.f|membership|bgaskin@harrahs.org,i:0#.f|membership|bgaskin@caesars.com
i:0#.f|membership|lhale@harrahs.org,i:0#.f|membership|lhale@caesars.com
i:0#.f|membership|lbaca@harrahs.org,i:0#.f|membership|lbaca@caesars.com
i:0#.f|membership|aahmed@harrahs.org,i:0#.f|membership|aahmed@caesars.com
i:0#.f|membership|dbickley@harrahs.org,i:0#.f|membership|dbickley@lvrio.harrahs.com
i:0#.f|membership|ksawyer@harrahs.org,i:0#.f|membership|ksawyer@caesars.com
i:0#.f|membership|awelch1@harrahs.org,i:0#.f|membership|awelch1@lasvegas.harrahs.com
i:0#.f|membership|dloschen@harrahs.org,i:0#.f|membership|dloschen@caesars.com
i:0#.f|membership|boneill@harrahs.org,i:0#.f|membership|boneill@caesars.com
i:0#.f|membership|bcrawford@harrahs.org,i:0#.f|membership|bcrawford@caesars.com
i:0#.f|membership|ccannon@harrahs.org,i:0#.f|membership|ccannon@caesars.com
i:0#.f|membership|jkim1@harrahs.org,i:0#.f|membership|jkim1@caesars.com
i:0#.f|membership|jkoster@harrahs.org,i:0#.f|membership|jkoster@harrahs.com
i:0#.f|membership|sakins@harrahs.org,i:0#.f|membership|sakins@caesars.com
i:0#.f|membership|rwinsett@harrahs.org,i:0#.f|membership|rwinsett@caesars.com
i:0#.f|membership|mollyg@harrahs.org,i:0#.f|membership|mollyg@caesars.com
i:0#.f|membership|ldunn@harrahs.org,i:0#.f|membership|ldunn@caesars.com
i:0#.f|membership|jjanchar@harrahs.org,i:0#.f|membership|jjanchar@harrahs.com
i:0#.f|membership|lwoodard@harrahs.org,i:0#.f|membership|lwoodard@caesars.com
i:0#.f|membership|alawson@harrahs.org,i:0#.f|membership|alawson@lvrio.harrahs.com
i:0#.f|membership|galbertini@harrahs.org,i:0#.f|membership|galbertini@caesars.com
i:0#.f|membership|rpalacios@harrahs.org,i:0#.f|membership|rpalacios@caesars.com
i:0#.f|membership|raguilar1@harrahs.org,i:0#.f|membership|raguilar1@caesars.com
i:0#.f|membership|mguy@harrahs.org,i:0#.f|membership|mguy@caesars.com
i:0#.f|membership|dwessler@harrahs.org,i:0#.f|membership|dwessler@caesars.com
i:0#.f|membership|alewis4@harrahs.org,i:0#.f|membership|alewis4@caesars.com
i:0#.f|membership|schwanigerc@harrahs.org,i:0#.f|membership|schwanigerc@caesars.com
i:0#.f|membership|lloop@harrahs.org,i:0#.f|membership|lloop@caesars.com
i:0#.f|membership|hmartinez1@harrahs.org,i:0#.f|membership|hmartinez1@caesars.com
i:0#.f|membership|mjoels@harrahs.org,i:0#.f|membership|mjoels@caesars.com
i:0#.f|membership|amatheis@harrahs.org,i:0#.f|membership|amatheis@caesars.com
i:0#.f|membership|cstuart@harrahs.org,i:0#.f|membership|cstuart@lasvegas.harrahs.com
i:0#.f|membership|sseelbinder@harrahs.org,i:0#.f|membership|sseelbinder@harrahs.com
i:0#.f|membership|msalzman@harrahs.org,i:0#.f|membership|msalzman@caesars.com
i:0#.f|membership|jrios@harrahs.org,i:0#.f|membership|jrios@caesars.com
i:0#.f|membership|aopenshaw@harrahs.org,i:0#.f|membership|aopenshaw@caesars.com
i:0#.f|membership|ivawter@harrahs.org,i:0#.f|membership|ivawter@harrahs.com
i:0#.f|membership|jleal3@harrahs.org,i:0#.f|membership|jleal3@lvrio.harrahs.com
i:0#.f|membership|dkhan@harrahs.org,i:0#.f|membership|dkhan@caesars.com
i:0#.f|membership|vmertz@harrahs.org,i:0#.f|membership|vmertz@caesars.com
i:0#.f|membership|acornelius@harrahs.org,i:0#.f|membership|acornelius@caesars.com
i:0#.f|membership|mmarino@harrahs.org,i:0#.f|membership|mmarino@caesars.com
i:0#.f|membership|mchabotte@harrahs.org,i:0#.f|membership|mchabotte@lvrio.harrahs.com
i:0#.f|membership|bamjohnson@harrahs.org,i:0#.f|membership|bamjohnson@caesars.com
i:0#.f|membership|jhenry3@harrahs.org,i:0#.f|membership|jhenry3@caesars.com
i:0#.f|membership|jstuart@harrahs.org,i:0#.f|membership|jstuart@horseshoe.com
i:0#.f|membership|triordan@harrahs.org,i:0#.f|membership|triordan@caesars.com
i:0#.f|membership|drodillon@harrahs.org,i:0#.f|membership|drodillon@caesars.com
i:0#.f|membership|jillm@harrahs.org,i:0#.f|membership|jillm@caesars.com
i:0#.f|membership|cfulton1@harrahs.org,i:0#.f|membership|cfulton1@caesars.com
i:0#.f|membership|bsanchez@harrahs.org,i:0#.f|membership|bsanchez@caesars.com
i:0#.f|membership|kmarcoux@harrahs.org,i:0#.f|membership|kmarcoux@harrahs.com
i:0#.f|membership|hrockhilliii@harrahs.org,i:0#.f|membership|hrockhill@caesars.com
i:0#.f|membership|tdumosch@harrahs.org,i:0#.f|membership|tdumosch@caesars.com
i:0#.f|membership|tvanalstine@harrahs.org,i:0#.f|membership|tvanalstine@lvrio.harrahs.com
i:0#.f|membership|bkeough@harrahs.org,i:0#.f|membership|bkeough@harrahs.com
i:0#.f|membership|skneissl-park@harrahs.org,i:0#.f|membership|skneissl-park@caesars.com
i:0#.f|membership|rbierbaum@harrahs.org,i:0#.f|membership|rbierbaum@harrahs.com
i:0#.f|membership|jcelona@harrahs.org,i:0#.f|membership|jcelona@caesars.com
i:0#.f|membership|ckemler@harrahs.org,i:0#.f|membership|ckemler@caesars.com
i:0#.f|membership|akhawaja@harrahs.org,i:0#.f|membership|akhawaja@caesars.com
i:0#.f|membership|jlinthicum@harrahs.org,i:0#.f|membership|jlinthicum@caesars.com
i:0#.f|membership|kriggio@harrahs.org,i:0#.f|membership|kriggio@caesarspalace.com
i:0#.f|membership|provenzanol@harrahs.org,i:0#.f|membership|provenzanol@caesars.com
i:0#.f|membership|mroope@harrahs.org,i:0#.f|membership|mroope@caesars.com
i:0#.f|membership|ncapparelli@harrahs.org,i:0#.f|membership|ncapparelli@caesars.com
i:0#.f|membership|emorales2@harrahs.org,i:0#.f|membership|emorales1@caesars.com
i:0#.f|membership|mrizzotte@harrahs.org,i:0#.f|membership|mrizzotte@harrahs.com
i:0#.f|membership|acolunga@harrahs.org,i:0#.f|membership|acolunga@caesars.com
i:0#.f|membership|czatarain@harrahs.org,i:0#.f|membership|cwenzel@caesars.com
i:0#.f|membership|jconrad2@harrahs.org,i:0#.f|membership|jconrad2@lvrio.harrahs.com
i:0#.f|membership|pgroothoff@harrahs.org,i:0#.f|membership|pgroothoff@caesars.com
i:0#.f|membership|mattjohnson@harrahs.org,i:0#.f|membership|mjohnson@harrahs.com
i:0#.f|membership|smaikui@harrahs.org,i:0#.f|membership|smaikui@lvrio.harrahs.com
i:0#.f|membership|sshellhamer@harrahs.org,i:0#.f|membership|sshellhamer@harrahs.com
i:0#.f|membership|jlorenz@harrahs.org,i:0#.f|membership|jlorenz@caesars.com
i:0#.f|membership|bballard1@harrahs.org,i:0#.f|membership|bballard1@caesars.com
i:0#.f|membership|jsnyder2@harrahs.org,i:0#.f|membership|jsnyder2@caesars.com
i:0#.f|membership|jlarsen@harrahs.org,i:0#.f|membership|jlarsen@caesars.com
i:0#.f|membership|monroet@harrahs.org,i:0#.f|membership|monroet@caesars.com
i:0#.f|membership|nocampo@harrahs.org,i:0#.f|membership|nocampo@caesars.com
i:0#.f|membership|lcunningham@harrahs.org,i:0#.f|membership|lcunningham@caesars.com
i:0#.f|membership|vholt@harrahs.org,i:0#.f|membership|vholt@caesars.com
i:0#.f|membership|lethompson@harrahs.org,i:0#.f|membership|lthompson2@harrahs.com
i:0#.f|membership|cwhitehead@harrahs.org,i:0#.f|membership|cwhitehead@caesars.com
i:0#.f|membership|pbui@harrahs.org,i:0#.f|membership|pbui@caesars.com
i:0#.f|membership|fuentesd@harrahs.org,i:0#.f|membership|fuentesd@caesars.com
i:0#.f|membership|jfenton@harrahs.org,i:0#.f|membership|jfenton@lvrio.harrahs.com
i:0#.f|membership|luckingm@harrahs.org,i:0#.f|membership|luckingm@caesars.com
i:0#.f|membership|pnguyen@harrahs.org,i:0#.f|membership|pnguyen@caesars.com
i:0#.f|membership|rbatra@harrahs.org,i:0#.f|membership|rbatra@caesars.com
i:0#.f|membership|avijay@harrahs.org,i:0#.f|membership|avijay@caesars.com
i:0#.f|membership|coxm@harrahs.org,i:0#.f|membership|coxm@caesars.com
i:0#.f|membership|pdskees@harrahs.org,i:0#.f|membership|pdskees@harrahs.com
i:0#.f|membership|pslattery@harrahs.org,i:0#.f|membership|pslattery@caesars.com
i:0#.f|membership|ssinnott@harrahs.org,i:0#.f|membership|ssinnott@lvrio.harrahs.com
i:0#.f|membership|jsaucedo@harrahs.org,i:0#.f|membership|jsaucedo@thecromwell.com
i:0#.f|membership|kscofield@harrahs.org,i:0#.f|membership|kscofield@caesars.com
i:0#.f|membership|hpope@harrahs.org,i:0#.f|membership|hpope@caesars.com
i:0#.f|membership|dschofield@harrahs.org,i:0#.f|membership|dschofield@harrahs.com
i:0#.f|membership|kmohan@harrahs.org,i:0#.f|membership|kmohan@caesars.com
i:0#.f|membership|wleonardo@harrahs.org,i:0#.f|membership|wleonardo@caesars.com
i:0#.f|membership|ctrias@harrahs.org,i:0#.f|membership|ctrias@caesars.com
i:0#.f|membership|rcornejo@harrahs.org,i:0#.f|membership|rcornejo@caesars.com
i:0#.f|membership|jsmith1@harrahs.org,i:0#.f|membership|jsmith1@caesars.com
i:0#.f|membership|dderyce@harrahs.org,i:0#.f|membership|dderyce@caesars.com
i:0#.f|membership|mcronin@harrahs.org,i:0#.f|membership|mcronin@caesars.com
i:0#.f|membership|janj@harrahs.org,i:0#.f|membership|janj@caesars.com
i:0#.f|membership|rwinston@harrahs.org,i:0#.f|membership|rwinston@caesars.com
i:0#.f|membership|ubork@harrahs.org,i:0#.f|membership|ubork@caesars.com
i:0#.f|membership|mharty@harrahs.org,i:0#.f|membership|mharty@caesars.com
i:0#.f|membership|wrayb@harrahs.org,i:0#.f|membership|brandon.wray@caesars.com
i:0#.f|membership|jzinn@harrahs.org,i:0#.f|membership|jzinn@caesars.com
i:0#.f|membership|kgrigg@harrahs.org,i:0#.f|membership|kgrigg@caesars.com
i:0#.f|membership|wmilan@harrahs.org,i:0#.f|membership|wmilan@caesars.com
i:0#.f|membership|ecorsell@harrahs.org,i:0#.f|membership|ecorsell@caesars.com
i:0#.f|membership|isedward@harrahs.org,i:0#.f|membership|georgee@caesars.com
i:0#.f|membership|sburney@harrahs.org,i:0#.f|membership|sburney@caesars.com
i:0#.f|membership|lcrosby@harrahs.org,i:0#.f|membership|lcrosby@caesars.com
i:0#.f|membership|rpidgeon@harrahs.org,i:0#.f|membership|rpidgeon@lasvegas.harrahs.com
i:0#.f|membership|skulkarni@harrahs.org,i:0#.f|membership|skulkarni@caesars.com
i:0#.f|membership|mcontreras@harrahs.org,i:0#.f|membership|mcontreras@caesars.com
i:0#.f|membership|tgoncalo@harrahs.org,i:0#.f|membership|tgoncalo@caesars.com
i:0#.f|membership|acarlisle@harrahs.org,i:0#.f|membership|acarlisle@lvrio.harrahs.com
i:0#.f|membership|bswanson@harrahs.org,i:0#.f|membership|bswanson@harrahs.com
i:0#.f|membership|ctaylor@harrahs.org,i:0#.f|membership|ctaylor@caesars.com
i:0#.f|membership|kmagarowicz@harrahs.org,i:0#.f|membership|kmagarowicz@caesars.com
i:0#.f|membership|evillagrana@harrahs.org,i:0#.f|membership|evillagrana@caesars.com
i:0#.f|membership|ksteenkamp@harrahs.org,i:0#.f|membership|ksteenkamp@caesars.com
i:0#.f|membership|gpeters@harrahs.org,i:0#.f|membership|gpeters@caesars.com
i:0#.f|membership|npura@harrahs.org,i:0#.f|membership|npura@caesars.com
i:0#.f|membership|sloson@harrahs.org,i:0#.f|membership|sloson@caesars.com
i:0#.f|membership|sbetti@harrahs.org,i:0#.f|membership|sbetti@lvrio.harrahs.com
i:0#.f|membership|asanders@harrahs.org,i:0#.f|membership|asanders@caesars.com
i:0#.f|membership|whitej@harrahs.org,i:0#.f|membership|whitej@harrahs.com
i:0#.f|membership|kvictorino@harrahs.org,i:0#.f|membership|kvictorino@caesars.com
i:0#.f|membership|chrodriguez@harrahs.org,i:0#.f|membership|chrodriguez@caesars.com
i:0#.f|membership|rmangio@harrahs.org,i:0#.f|membership|rmangio@caesars.com
i:0#.f|membership|dtomfohrde@harrahs.org,i:0#.f|membership|dtomfohrde@caesars.com
i:0#.f|membership|ngopal@harrahs.org,i:0#.f|membership|ngopal@caesars.com
i:0#.f|membership|kcage@harrahs.org,i:0#.f|membership|kcage@caesars.com
i:0#.f|membership|thines@harrahs.org,i:0#.f|membership|thines@harrahs.com
i:0#.f|membership|loom@harrahs.org,i:0#.f|membership|loom@caesars.com
i:0#.f|membership|longm@harrahs.org,i:0#.f|membership|longm@caesars.com
i:0#.f|membership|jebradley@harrahs.org,i:0#.f|membership|jebradley@caesarspalace.com
i:0#.f|membership|drees@harrahs.org,i:0#.f|membership|drees@caesars.com
i:0#.f|membership|dkornstein@harrahs.org,i:0#.f|membership|dkornstein@caesars.com
i:0#.f|membership|ekerby@harrahs.org,i:0#.f|membership|ekerby@caesars.com
i:0#.f|membership|lzukowski@harrahs.org,i:0#.f|membership|lzukowski@caesars.com
i:0#.f|membership|maganon@harrahs.org,i:0#.f|membership|maganon@caesars.com
i:0#.f|membership|cabrahams@harrahs.org,i:0#.f|membership|cabrahams@caesars.com
i:0#.f|membership|levinen@harrahs.org,i:0#.f|membership|levinen@caesars.com
i:0#.f|membership|dvandover@harrahs.org,i:0#.f|membership|dvd@harrahs.com
i:0#.f|membership|mlove1@harrahs.org,i:0#.f|membership|mlove1@lvrio.harrahs.com
i:0#.f|membership|nreddy@harrahs.org,i:0#.f|membership|nreddy@caesars.com
i:0#.f|membership|agreene1@harrahs.org,i:0#.f|membership|agreene1@caesars.com
i:0#.f|membership|erikamoore@harrahs.org,i:0#.f|membership|erikamoore@harrahs.com
i:0#.f|membership|bdandy@harrahs.org,i:0#.f|membership|bdandy@caesars.com
i:0#.f|membership|jnocco@harrahs.org,i:0#.f|membership|jnocco@caesars.com
i:0#.f|membership|cprimiano1@harrahs.org,i:0#.f|membership|cprimiano1@caesars.com
i:0#.f|membership|bkarnafel@harrahs.org,i:0#.f|membership|bkarnafel@caesars.com
i:0#.f|membership|sbaker1@harrahs.org,i:0#.f|membership|sbaker1@harrahs.com
i:0#.f|membership|abansal@harrahs.org,i:0#.f|membership|abansal@caesars.com
i:0#.f|membership|llu@harrahs.org,i:0#.f|membership|llu@caesars.com
i:0#.f|membership|uchevuri@harrahs.org,i:0#.f|membership|uchevuri@caesars.com
i:0#.f|membership|vmcelroy@harrahs.org,i:0#.f|membership|vmcelroy@caesars.com
i:0#.f|membership|nbrennan@harrahs.org,i:0#.f|membership|nbrennan@caesars.com
i:0#.f|membership|jdawson@harrahs.org,i:0#.f|membership|jdawson@lvrio.harrahs.com
i:0#.f|membership|sbenoitkurtz@harrahs.org,i:0#.f|membership|sbenoitkurtz@caesars.com
i:0#.f|membership|akumar2@harrahs.org,i:0#.f|membership|akumar2@caesars.com
i:0#.f|membership|sschlatter@harrahs.org,i:0#.f|membership|sschlatter@harrahs.com
i:0#.f|membership|tflynn@harrahs.org,i:0#.f|membership|tflynn@lvrio.harrahs.com
i:0#.f|membership|dspair@harrahs.org,i:0#.f|membership|dspair@caesars.com
i:0#.f|membership|paruntan@harrahs.org,i:0#.f|membership|paruntanayothin@caesars.com
i:0#.f|membership|sgibson@harrahs.org,i:0#.f|membership|sgibson@caesars.com
i:0#.f|membership|rgoeing@harrahs.org,i:0#.f|membership|rgoeing@caesars.com
i:0#.f|membership|ajha@harrahs.org,i:0#.f|membership|ajha@caesars.com
i:0#.f|membership|jlynch@harrahs.org,i:0#.f|membership|jlynch@harrahs.com
i:0#.f|membership|fsminer@harrahs.org,i:0#.f|membership|johannam@harrahs.com
i:0#.f|membership|yko@harrahs.org,i:0#.f|membership|yko@caesars.com
i:0#.f|membership|hhe@harrahs.org,i:0#.f|membership|hhe@caesars.com
i:0#.f|membership|ipuscasu@harrahs.org,i:0#.f|membership|ipuscasu@caesars.com
i:0#.f|membership|tlynn@harrahs.org,i:0#.f|membership|tlynn@caesars.com
i:0#.f|membership|bcarson@harrahs.org,i:0#.f|membership|bcarson@caesars.com
i:0#.f|membership|dteufer@harrahs.org,i:0#.f|membership|dteufer@harrahs.com
i:0#.f|membership|rjones@harrahs.org,i:0#.f|membership|rjones@caesars.com
i:0#.f|membership|javeiro@harrahs.org,i:0#.f|membership|javeiro@lvrio.harrahs.com
i:0#.f|membership|kcausey@harrahs.org,i:0#.f|membership|kcausey@caesars.com
i:0#.f|membership|alongfellow@harrahs.org,i:0#.f|membership|alongfellow@flamingolasvegas.com
i:0#.f|membership|rwhite1@harrahs.org,i:0#.f|membership|rorgel@caesars.com
i:0#.f|membership|abales@harrahs.org,i:0#.f|membership|abales@caesars.com
i:0#.f|membership|mlapointe@harrahs.org,i:0#.f|membership|mlapointe@caesars.com
i:0#.f|membership|lmitri@harrahs.org,i:0#.f|membership|lmitri@lvrio.harrahs.com
i:0#.f|membership|lbakel@harrahs.org,i:0#.f|membership|rbakel@caesars.com
i:0#.f|membership|miphillips@harrahs.org,i:0#.f|membership|miphillips@caesars.com
i:0#.f|membership|aquinto@harrahs.org,i:0#.f|membership|aquinto@caesars.com
i:0#.f|membership|kwebb@harrahs.org,i:0#.f|membership|kwebb@harrahs.com
i:0#.f|membership|mbenner@harrahs.org,i:0#.f|membership|mbenner@caesars.com
i:0#.f|membership|ewilliams5@harrahs.org,i:0#.f|membership|ewilliams5@caesars.com
i:0#.f|membership|cwillard@harrahs.org,i:0#.f|membership|cwillard@caesars.com
i:0#.f|membership|melissap@harrahs.org,i:0#.f|membership|melissap@caesars.com
i:0#.f|membership|brees@harrahs.org,i:0#.f|membership|brees@caesars.com
i:0#.f|membership|evansj@harrahs.org,i:0#.f|membership|evansj@caesars.com
i:0#.f|membership|rthangasamy@harrahs.org,i:0#.f|membership|rthangasamy@caesars.com
i:0#.f|membership|sbroz@harrahs.org,i:0#.f|membership|sbroz@caesars.com
i:0#.f|membership|mparker@harrahs.org,i:0#.f|membership|mparker@harrahs.com
i:0#.f|membership|guidryb@harrahs.org,i:0#.f|membership|becky.guidry@caesars.com
i:0#.f|membership|ecassels@harrahs.org,i:0#.f|membership|ecassels@harrahs.com
i:0#.f|membership|jpayne@harrahs.org,i:0#.f|membership|jpayne@caesars.com
i:0#.f|membership|patelv@harrahs.org,i:0#.f|membership|patelv@caesars.com
i:0#.f|membership|jbruess@harrahs.org,i:0#.f|membership|jbruess@caesars.com
i:0#.f|membership|khuff@harrahs.org,i:0#.f|membership|khuff@caesars.com
i:0#.f|membership|sgates@harrahs.org,i:0#.f|membership|sgates@horseshoe.com
i:0#.f|membership|lottolenghi@harrahs.org,i:0#.f|membership|lottolenghi@caesars.com
i:0#.f|membership|chockers@harrahs.org,i:0#.f|membership|chockers@lvrio.harrahs.com
i:0#.f|membership|ddunbar@harrahs.org,i:0#.f|membership|ddunbar@harrahs.com
i:0#.f|membership|edominguez@harrahs.org,i:0#.f|membership|edominguez@caesars.com
i:0#.f|membership|dgamboa@harrahs.org,i:0#.f|membership|dgamboa@caesars.com
i:0#.f|membership|glee1@harrahs.org,i:0#.f|membership|glee1@caesars.com
i:0#.f|membership|bgritton@harrahs.org,i:0#.f|membership|bgritton@caesars.com
i:0#.f|membership|dujohnson@harrahs.org,i:0#.f|membership|dujohnson@caesars.com
i:0#.f|membership|dread@harrahs.org,i:0#.f|membership|dread@caesars.com
i:0#.f|membership|acombs@harrahs.org,i:0#.f|membership|acombs@lvrio.harrahs.com
i:0#.f|membership|dhashiro@harrahs.org,i:0#.f|membership|dhashiro@caesars.com
i:0#.f|membership|mamiles@harrahs.org,i:0#.f|membership|mamiles@caesars.com
i:0#.f|membership|jwitmer@harrahs.org,i:0#.f|membership|johnw@caesars.com
i:0#.f|membership|rportnoy@harrahs.org,i:0#.f|membership|rportnoy@caesars.com
i:0#.f|membership|smcburney@harrahs.org,i:0#.f|membership|smcburney@caesars.com
i:0#.f|membership|mbyrne@harrahs.org,i:0#.f|membership|mbyrne@caesars.com
i:0#.f|membership|miannantuano@harrahs.org,i:0#.f|membership|miannantuano@caesars.com
i:0#.f|membership|scostopoulos@harrahs.org,i:0#.f|membership|scostopoulos@caesars.com
i:0#.f|membership|lhouston@harrahs.org,i:0#.f|membership|lhouston@caesars.com
i:0#.f|membership|chall1@harrahs.org,i:0#.f|membership|chall1@caesars.com
i:0#.f|membership|rrapko@harrahs.org,i:0#.f|membership|rrapko@caesars.com
i:0#.f|membership|lsanna@harrahs.org,i:0#.f|membership|lsanna@caesars.com
i:0#.f|membership|amelillo@harrahs.org,i:0#.f|membership|amelillo@lvrio.harrahs.com
i:0#.f|membership|lguelker@harrahs.org,i:0#.f|membership|lguelker@harrahs.com
i:0#.f|membership|kleaders@harrahs.org,i:0#.f|membership|kleaders@caesars.com
i:0#.f|membership|jwjones@harrahs.org,i:0#.f|membership|jwjones@harrahs.com
i:0#.f|membership|joswright@harrahs.org,i:0#.f|membership|joswright@caesars.com
i:0#.f|membership|stellar@harrahs.org,i:0#.f|membership|stellar@caesars.com
i:0#.f|membership|jpaule@harrahs.org,i:0#.f|membership|jpaule@caesars.com
i:0#.f|membership|mrick@harrahs.org,i:0#.f|membership|mrick@caesars.com
i:0#.f|membership|mhiggins2@harrahs.org,i:0#.f|membership|mhiggins2@caesars.com
i:0#.f|membership|kilane1@harrahs.org,i:0#.f|membership|kilane@caesars.com
i:0#.f|membership|ereyes2@harrahs.org,i:0#.f|membership|ereyes1@caesars.com
i:0#.f|membership|proberts@harrahs.org,i:0#.f|membership|proberts@harrahs.com
i:0#.f|membership|gmilanio@harrahs.org,i:0#.f|membership|gmilanio@caesars.com
i:0#.f|membership|cpuhr@harrahs.org,i:0#.f|membership|cpuhr@caesars.com
i:0#.f|membership|kshor@harrahs.org,i:0#.f|membership|kshor@caesars.com
i:0#.f|membership|rbedsole@harrahs.org,i:0#.f|membership|rbedsole@caesars.com
i:0#.f|membership|lmatthews@harrahs.org,i:0#.f|membership|lmatthews@caesars.com
i:0#.f|membership|oblum@harrahs.org,i:0#.f|membership|oblum@caesars.com
i:0#.f|membership|cpeak@harrahs.org,i:0#.f|membership|cpeak@harrahs.com
i:0#.f|membership|cperez1@harrahs.org,i:0#.f|membership|cperez1@caesars.com
i:0#.f|membership|rcrowley@harrahs.org,i:0#.f|membership|rcrowley@caesars.com
i:0#.f|membership|cvaldez2@harrahs.org,i:0#.f|membership|cvaldez2@caesars.com
i:0#.f|membership|mkenealy@harrahs.org,i:0#.f|membership|mkenealy@caesars.com
i:0#.f|membership|bkim1@harrahs.org,i:0#.f|membership|bkim1@caesars.com
i:0#.f|membership|rsbarber@harrahs.org,i:0#.f|membership|rsbarber@harrahs.com
i:0#.f|membership|hlarabell@harrahs.org,i:0#.f|membership|hlarabell@caesars.com
i:0#.f|membership|owens@harrahs.org,i:0#.f|membership|owens@caesars.com
i:0#.f|membership|kmortimer@harrahs.org,i:0#.f|membership|kmortimer@caesars.com
i:0#.f|membership|kjaggi@harrahs.org,i:0#.f|membership|kjaggi@caesars.com
i:0#.f|membership|tbigham@harrahs.org,i:0#.f|membership|tbigham@lvrio.harrahs.com
i:0#.f|membership|rcolombo@harrahs.org,i:0#.f|membership|rgreene2@caesars.com
i:0#.f|membership|scox@harrahs.org,i:0#.f|membership|scox@caesars.com
i:0#.f|membership|skjones@harrahs.org,i:0#.f|membership|skjones@cherokee.harrahs.com
i:0#.f|membership|mmullin@harrahs.org,i:0#.f|membership|mmullin@caesars.com
i:0#.f|membership|nhirsch@harrahs.org,i:0#.f|membership|nhirsch@caesars.com
i:0#.f|membership|jericsson@harrahs.org,i:0#.f|membership|jennifet@caesars.com
i:0#.f|membership|hhammer@harrahs.org,i:0#.f|membership|hhammer@caesars.com
i:0#.f|membership|jschaffer@harrahs.org,i:0#.f|membership|jschaffer@caesars.com
i:0#.f|membership|jslater@harrahs.org,i:0#.f|membership|jslater@caesars.com
i:0#.f|membership|calterio@harrahs.org,i:0#.f|membership|calterio@harrahs.com
i:0#.f|membership|rbecker@harrahs.org,i:0#.f|membership|rbecker@caesars.com
i:0#.f|membership|jberendt@harrahs.org,i:0#.f|membership|jberendt@harrahs.com
i:0#.f|membership|srosenthal@harrahs.org,i:0#.f|membership|srosenthal@lvrio.harrahs.com
i:0#.f|membership|jwoods4@harrahs.org,i:0#.f|membership|jwoods4@caesars.com
i:0#.f|membership|pbarton@harrahs.org,i:0#.f|membership|pbarton@caesars.com
i:0#.f|membership|sdavis35@harrahs.org,i:0#.f|membership|sdavis35@caesars.com
i:0#.f|membership|bknapp@harrahs.org,i:0#.f|membership|bknapp@lvrio.harrahs.com
i:0#.f|membership|katluri@harrahs.org,i:0#.f|membership|katluri@caesars.com
i:0#.f|membership|jmason@harrahs.org,i:0#.f|membership|jmason@harrahs.com
i:0#.f|membership|chill4@harrahs.org,i:0#.f|membership|chill4@caesars.com
i:0#.f|membership|chismith@harrahs.org,i:0#.f|membership|chismith@caesars.com
i:0#.f|membership|gokeefe@harrahs.org,i:0#.f|membership|gokeefe@caesars.com
i:0#.f|membership|bcresto@harrahs.org,i:0#.f|membership|bcresto@lvrio.harrahs.com
i:0#.f|membership|labecker@harrahs.org,i:0#.f|membership|labecker@caesars.com
i:0#.f|membership|dsiavelis@harrahs.org,i:0#.f|membership|dsiavelis@caesars.com
i:0#.f|membership|rovaskainen@harrahs.org,i:0#.f|membership|rovaskainen@caesars.com
i:0#.f|membership|mhan@harrahs.org,i:0#.f|membership|mhan@caesars.com
i:0#.f|membership|sartinian@harrahs.org,i:0#.f|membership|sartinia@harrahs.com
i:0#.f|membership|cstieglitz@harrahs.org,i:0#.f|membership|cstieglitz@harrahs.com
i:0#.f|membership|limpa@harrahs.org,i:0#.f|membership|limpa@caesarspalace.com
i:0#.f|membership|tirving@harrahs.org,i:0#.f|membership|tirving@lvrio.harrahs.com
i:0#.f|membership|jyoung1@harrahs.org,i:0#.f|membership|jyoung1@caesars.com
i:0#.f|membership|tlee2@harrahs.org,i:0#.f|membership|tlee2@harrahs.com
i:0#.f|membership|mkeeney@harrahs.org,i:0#.f|membership|mkeeney@caesars.com
i:0#.f|membership|arieger@harrahs.org,i:0#.f|membership|arieger@harrahs.com
i:0#.f|membership|cthiel@harrahs.org,i:0#.f|membership|cthiel@caesars.com
i:0#.f|membership|tchau@harrahs.org,i:0#.f|membership|tchau@caesars.com
i:0#.f|membership|jbernard@harrahs.org,i:0#.f|membership|jbernard@caesarspalace.com
i:0#.f|membership|brisepierred@harrahs.org,i:0#.f|membership|brisepierred@caesars.com
i:0#.f|membership|mgolemo@harrahs.org,i:0#.f|membership|mgolemo@caesars.com
i:0#.f|membership|avasilyev@harrahs.org,i:0#.f|membership|avasilyev@caesars.com
i:0#.f|membership|cbehrman@harrahs.org,i:0#.f|membership|cbehrman@caesars.com
i:0#.f|membership|cgpowell@harrahs.org,i:0#.f|membership|cgpowell@caesars.com
i:0#.f|membership|gsharma@harrahs.org,i:0#.f|membership|gsharma@caesars.com
i:0#.f|membership|nsantoro@harrahs.org,i:0#.f|membership|nsantoro@caesars.com
i:0#.f|membership|smorris@harrahs.org,i:0#.f|membership|smorris@caesars.com
i:0#.f|membership|cylee@harrahs.org,i:0#.f|membership|cylee@lvrio.harrahs.com
i:0#.f|membership|rbach1@harrahs.org,i:0#.f|membership|rbach1@caesars.com
i:0#.f|membership|icking@harrahs.org,i:0#.f|membership|karenk@harrahs.com
i:0#.f|membership|criess@harrahs.org,i:0#.f|membership|criess@caesars.com
i:0#.f|membership|rpatel@harrahs.org,i:0#.f|membership|rpatel@caesars.com
i:0#.f|membership|jkellett@harrahs.org,i:0#.f|membership|jkellett@caesars.com
i:0#.f|membership|asanderson@harrahs.org,i:0#.f|membership|asanderson@lvrio.harrahs.com
i:0#.f|membership|sbelingheri@harrahs.org,i:0#.f|membership|sbelingheri@caesars.com
i:0#.f|membership|fosterc@harrahs.org,i:0#.f|membership|fosterc@caesars.com
i:0#.f|membership|ganderson3@harrahs.org,i:0#.f|membership|ganderson3@caesars.com
i:0#.f|membership|tcobb@harrahs.org,i:0#.f|membership|tcobb@caesars.com
i:0#.f|membership|tphelps1@harrahs.org,i:0#.f|membership|tphelps1@caesars.com
i:0#.f|membership|srhamlet@harrahs.org,i:0#.f|membership|srhamlet@harrahs.com
i:0#.f|membership|hbrito@harrahs.org,i:0#.f|membership|hbrito@caesars.com
i:0#.f|membership|esamson@harrahs.org,i:0#.f|membership|esamson@lvrio.harrahs.com
i:0#.f|membership|anash@harrahs.org,i:0#.f|membership|anash@caesars.com
i:0#.f|membership|mfletcher1@harrahs.org,i:0#.f|membership|mfletcher1@caesars.com
i:0#.f|membership|dmalone@harrahs.org,i:0#.f|membership|dmalone@caesars.com
i:0#.f|membership|agilmour@harrahs.org,i:0#.f|membership|agilmour@caesars.com
i:0#.f|membership|jgalinat@harrahs.org,i:0#.f|membership|jgalinat@caesars.com
i:0#.f|membership|mbobolange@harrahs.org,i:0#.f|membership|mbobolange@lvrio.harrahs.com
i:0#.f|membership|nmancuso@harrahs.org,i:0#.f|membership|nmancuso@caesars.com
i:0#.f|membership|rllantin@harrahs.org,i:0#.f|membership|rllantin@caesars.com
i:0#.f|membership|afarnham@harrahs.org,i:0#.f|membership|afarnham@caesars.com
i:0#.f|membership|mbecerra@harrahs.org,i:0#.f|membership|mbecerra@caesars.com
i:0#.f|membership|sdevoss@harrahs.org,i:0#.f|membership|sjohnsonbell@caesars.com
i:0#.f|membership|rossd@harrahs.org,i:0#.f|membership|rossd@lasvegas.harrahs.com
i:0#.f|membership|lesfeller@harrahs.org,i:0#.f|membership|lesfeller@lvrio.harrahs.com
i:0#.f|membership|jsanton@harrahs.org,i:0#.f|membership|jsanton@lvrio.harrahs.com
i:0#.f|membership|ayewale@harrahs.org,i:0#.f|membership|ayewale@caesars.com
i:0#.f|membership|jchoy@harrahs.org,i:0#.f|membership|jchoy@caesars.com
i:0#.f|membership|aprice@harrahs.org,i:0#.f|membership|aprice@caesars.com
i:0#.f|membership|rsehgal1@harrahs.org,i:0#.f|membership|rsehgal1@caesars.com
i:0#.f|membership|pgoodwin@harrahs.org,i:0#.f|membership|pgoodwin@caesars.com
i:0#.f|membership|afowler@harrahs.org,i:0#.f|membership|afowler@caesars.com
i:0#.f|membership|dlcollins@harrahs.org,i:0#.f|membership|dlcollins@caesars.com
i:0#.f|membership|mthomas@harrahs.org,i:0#.f|membership|mthomas@caesars.com
i:0#.f|membership|jgoss1@harrahs.org,i:0#.f|membership|jgoss1@caesars.com
i:0#.f|membership|jhong@harrahs.org,i:0#.f|membership|jhong@caesars.com
i:0#.f|membership|rodbowers@harrahs.org,i:0#.f|membership|rodbowers@caesars.com
i:0#.f|membership|sorque1@harrahs.org,i:0#.f|membership|sorque@caesars.com
i:0#.f|membership|jacaldwell@harrahs.org,i:0#.f|membership|jacaldwell@cherokee.harrahs.com
i:0#.f|membership|jlongmire@harrahs.org,i:0#.f|membership|jlongmire@harrahs.com
i:0#.f|membership|asabo@harrahs.org,i:0#.f|membership|asabo@caesars.com
i:0#.f|membership|bkilroy@harrahs.org,i:0#.f|membership|bkilroy@caesars.com
i:0#.f|membership|rattar@harrahs.org,i:0#.f|membership|rattar@caesars.com
i:0#.f|membership|amena@harrahs.org,i:0#.f|membership|amena@caesars.com
i:0#.f|membership|agraham@harrahs.org,i:0#.f|membership|agraham@caesars.com
i:0#.f|membership|ividaurri@harrahs.org,i:0#.f|membership|ividaurri@harrahs.com
i:0#.f|membership|slilly@harrahs.org,i:0#.f|membership|slilly@lvrio.harrahs.com
i:0#.f|membership|twang@harrahs.org,i:0#.f|membership|twang@caesars.com
i:0#.f|membership|jcrowther@harrahs.org,i:0#.f|membership|jcrowther@lvrio.harrahs.com
i:0#.f|membership|trosenberg@harrahs.org,i:0#.f|membership|trosenberg@caesars.com
i:0#.f|membership|dtran@harrahs.org,i:0#.f|membership|dtran@caesars.com
i:0#.f|membership|kkimball@harrahs.org,i:0#.f|membership|kkimball@harrahs.com
i:0#.f|membership|jsantos1@harrahs.org,i:0#.f|membership|jsantos1@caesars.com
i:0#.f|membership|rfleming2@harrahs.org,i:0#.f|membership|rfleming2@lvrio.harrahs.com
i:0#.f|membership|dchang@harrahs.org,i:0#.f|membership|dchang@caesars.com
i:0#.f|membership|epotter@harrahs.org,i:0#.f|membership|epotter@caesars.com
i:0#.f|membership|vgamboa@harrahs.org,i:0#.f|membership|vgamboa@caesars.com
i:0#.f|membership|shallen@harrahs.org,i:0#.f|membership|shallen@caesars.com
i:0#.f|membership|hschott@harrahs.org,i:0#.f|membership|hschott@caesars.com
i:0#.f|membership|jtarro@harrahs.org,i:0#.f|membership|jtarro@caesars.com
i:0#.f|membership|lellis@harrahs.org,i:0#.f|membership|lellis@caesars.com
i:0#.f|membership|bthomas3@harrahs.org,i:0#.f|membership|bthomas3@caesars.com
i:0#.f|membership|dmangseth@harrahs.org,i:0#.f|membership|dmangseth@caesars.com
i:0#.f|membership|kvancil@harrahs.org,i:0#.f|membership|kvancil@caesars.com
i:0#.f|membership|smckellar@harrahs.org,i:0#.f|membership|smckellar@caesars.com
i:0#.f|membership|ahall@harrahs.org,i:0#.f|membership|ahall@caesars.com
i:0#.f|membership|rhughes1@harrahs.org,i:0#.f|membership|rhughes1@caesars.com
i:0#.f|membership|sgraf@harrahs.org,i:0#.f|membership|sgraf@caesars.com
i:0#.f|membership|bvanorsow@harrahs.org,i:0#.f|membership|bvanorsow@caesars.com
i:0#.f|membership|pbarth@harrahs.org,i:0#.f|membership|pbarth@lvrio.harrahs.com
i:0#.f|membership|jeffmiller@harrahs.org,i:0#.f|membership|jeffmiller@caesars.com
i:0#.f|membership|mcanady@harrahs.org,i:0#.f|membership|mcanady@caesars.com
i:0#.f|membership|mbrown7@harrahs.org,i:0#.f|membership|mbrown7@harrahs.com
i:0#.f|membership|rbade@harrahs.org,i:0#.f|membership|rajub@caesars.com
i:0#.f|membership|cpaculan@harrahs.org,i:0#.f|membership|cpaculan@lasvegas.harrahs.com
i:0#.f|membership|jrichardson2@harrahs.org,i:0#.f|membership|jrichardson2@caesars.com
i:0#.f|membership|gfarmer@harrahs.org,i:0#.f|membership|gfarmer@caesars.com
i:0#.f|membership|ebetz@harrahs.org,i:0#.f|membership|ebetz@caesars.com
i:0#.f|membership|kmock@harrahs.org,i:0#.f|membership|kmock@caesars.com
i:0#.f|membership|swoods@harrahs.org,i:0#.f|membership|swoods@caesars.com
i:0#.f|membership|rkeliihananui@harrahs.org,i:0#.f|membership|rkeliihananui@caesars.com
i:0#.f|membership|estess@harrahs.org,i:0#.f|membership|estess@caesars.com
i:0#.f|membership|cbolden@harrahs.org,i:0#.f|membership|cbolden@caesars.com
i:0#.f|membership|mdelrio@harrahs.org,i:0#.f|membership|mdelrio@lvrio.harrahs.com
i:0#.f|membership|sburnett@harrahs.org,i:0#.f|membership|sburnett@caesars.com
i:0#.f|membership|droberson@harrahs.org,i:0#.f|membership|droberson@harrahs.com
i:0#.f|membership|tmoeller@harrahs.org,i:0#.f|membership|tmoeller@lvrio.harrahs.com
i:0#.f|membership|dkowal@harrahs.org,i:0#.f|membership|dkowal@caesars.com
i:0#.f|membership|rcarlson@harrahs.org,i:0#.f|membership|rcarlson@caesars.com
i:0#.f|membership|kjanssen@harrahs.org,i:0#.f|membership|kjanssen@caesars.com
i:0#.f|membership|kmocherla@harrahs.org,i:0#.f|membership|kmocherla@caesars.com
i:0#.f|membership|sfails@harrahs.org,i:0#.f|membership|sfails@harrahs.com
i:0#.f|membership|cgronwold@harrahs.org,i:0#.f|membership|cgronwold@harrahs.com
i:0#.f|membership|bcox@harrahs.org,i:0#.f|membership|bcox@lvrio.harrahs.com
i:0#.f|membership|jvarao@harrahs.org,i:0#.f|membership|jvarao@caesars.com
i:0#.f|membership|jwyble@harrahs.org,i:0#.f|membership|jwyble@lvrio.harrahs.com
i:0#.f|membership|dallen2@harrahs.org,i:0#.f|membership|dallen2@caesars.com
i:0#.f|membership|rappel@harrahs.org,i:0#.f|membership|rappel@caesars.com
i:0#.f|membership|rlucero@harrahs.org,i:0#.f|membership|rlucero@caesars.com
i:0#.f|membership|klassiter@harrahs.org,i:0#.f|membership|klassiter@caesars.com
i:0#.f|membership|mdavid@harrahs.org,i:0#.f|membership|mdavid@caesars.com
i:0#.f|membership|jsternbe@harrahs.org,i:0#.f|membership|jsternbe@harrahs.com
i:0#.f|membership|rromero1@harrahs.org,i:0#.f|membership|rromero1@caesars.com
i:0#.f|membership|tiqbal@harrahs.org,i:0#.f|membership|tiqbal@caesars.com
i:0#.f|membership|rbruce@harrahs.org,i:0#.f|membership|rbruce@caesars.com
i:0#.f|membership|ssiekman@harrahs.org,i:0#.f|membership|ssiekman@caesars.com
i:0#.f|membership|jstearns@harrahs.org,i:0#.f|membership|jstearns@harrahs.com
i:0#.f|membership|mmclellan@harrahs.org,i:0#.f|membership|mmclellan@harrahs.com
i:0#.f|membership|vlguveiyian@harrahs.org,i:0#.f|membership|vlguveiyian@caesars.com
i:0#.f|membership|nbreaux@harrahs.org,i:0#.f|membership|nbreaux@harrahs.com
i:0#.f|membership|magdaluyok@harrahs.org,i:0#.f|membership|magdaluyok@caesars.com
i:0#.f|membership|scholzj@harrahs.org,i:0#.f|membership|scholzj@caesars.com
i:0#.f|membership|hullk@harrahs.org,i:0#.f|membership|hullk@caesars.com
i:0#.f|membership|amieure@harrahs.org,i:0#.f|membership|amieure@caesars.com
i:0#.f|membership|bseigel@harrahs.org,i:0#.f|membership|bseigel@caesars.com
i:0#.f|membership|decostaa@harrahs.org,i:0#.f|membership|decostaa@harrahs.com
i:0#.f|membership|clee5@harrahs.org,i:0#.f|membership|clee5@caesars.com
i:0#.f|membership|mashrafi@harrahs.org,i:0#.f|membership|mashrafi@caesars.com
i:0#.f|membership|clane@harrahs.org,i:0#.f|membership|clane@caesars.com
i:0#.f|membership|smartin2@harrahs.org,i:0#.f|membership|smartin2@caesars.com
i:0#.f|membership|darmstrong@harrahs.org,i:0#.f|membership|darmstrong@caesars.com
i:0#.f|membership|dwolkoff@harrahs.org,i:0#.f|membership|dwolkoff@caesars.com
i:0#.f|membership|bbeach@harrahs.org,i:0#.f|membership|bbeach@caesars.com
i:0#.f|membership|dslattery@harrahs.org,i:0#.f|membership|dslattery@caesars.com
i:0#.f|membership|smithsara@harrahs.org,i:0#.f|membership|smithsara@caesarspalace.com
i:0#.f|membership|kmilczewski@harrahs.org,i:0#.f|membership|kmilczewski@caesars.com
i:0#.f|membership|mharders@harrahs.org,i:0#.f|membership|mharders@caesars.com
i:0#.f|membership|bgeller@harrahs.org,i:0#.f|membership|bgeller@caesars.com
i:0#.f|membership|tsawyer2@harrahs.org,i:0#.f|membership|tsawyer2@caesars.com
i:0#.f|membership|kcolton@harrahs.org,i:0#.f|membership|kcolton@caesars.com
i:0#.f|membership|raconroy@harrahs.org,i:0#.f|membership|raconroy@harrahs.com
i:0#.f|membership|calbrecht@harrahs.org,i:0#.f|membership|calbrecht@caesars.com
i:0#.f|membership|achapman1@harrahs.org,i:0#.f|membership|achapman1@caesars.com
i:0#.f|membership|wwalsh@harrahs.org,i:0#.f|membership|wwalsh@caesars.com
i:0#.f|membership|bfloyd@harrahs.org,i:0#.f|membership|bfloyd@caesars.com
i:0#.f|membership|jshearer@harrahs.org,i:0#.f|membership|jshearer@caesars.com
i:0#.f|membership|ljolin@harrahs.org,i:0#.f|membership|ljolin@harrahs.com
i:0#.f|membership|lnorfleet@harrahs.org,i:0#.f|membership|lnorfleet@caesars.com
i:0#.f|membership|tgabert@harrahs.org,i:0#.f|membership|tgabert@caesars.com
i:0#.f|membership|ekimble@harrahs.org,i:0#.f|membership|ekimble@caesars.com
i:0#.f|membership|jrygiel@harrahs.org,i:0#.f|membership|jrygiel@lvrio.harrahs.com
i:0#.f|membership|dabuhanna@harrahs.org,i:0#.f|membership|dabuhanna@caesars.com
i:0#.f|membership|hhan@harrahs.org,i:0#.f|membership|hhan@caesars.com
i:0#.f|membership|duffg@harrahs.org,i:0#.f|membership|duffg@caesars.com
i:0#.f|membership|arattana@harrahs.org,i:0#.f|membership|arattana@caesars.com
i:0#.f|membership|mstalcup@harrahs.org,i:0#.f|membership|mstalcup@harrahs.com
i:0#.f|membership|gvenkataraman@harrahs.org,i:0#.f|membership|gvenkataraman@caesars.com
i:0#.f|membership|mbissell@harrahs.org,i:0#.f|membership|mbissell@caesars.com
i:0#.f|membership|mellis@harrahs.org,i:0#.f|membership|mellis@caesars.com
i:0#.f|membership|jlevy1@harrahs.org,i:0#.f|membership|jlevy1@caesars.com
i:0#.f|membership|amastromarino@harrahs.org,i:0#.f|membership|amastromarino@caesars.com
i:0#.f|membership|ssmith6@harrahs.org,i:0#.f|membership|ssmith6@caesars.com
i:0#.f|membership|ahussain1@harrahs.org,i:0#.f|membership|ahussain1@caesars.com
i:0#.f|membership|cjenner@harrahs.org,i:0#.f|membership|cjenner@caesars.com
i:0#.f|membership|rtower@harrahs.org,i:0#.f|membership|rtower@caesars.com
i:0#.f|membership|mgarcia@harrahs.org,i:0#.f|membership|mgarcia@caesars.com
i:0#.f|membership|trwatkins@harrahs.org,i:0#.f|membership|trwatkins@caesars.com
i:0#.f|membership|kmohanarangam@harrahs.org,i:0#.f|membership|kmohanarangam@caesars.com
i:0#.f|membership|nsquires@harrahs.org,i:0#.f|membership|nsquires@harrahs.com
i:0#.f|membership|jmetzger@harrahs.org,i:0#.f|membership|jmetzger@caesars.com
i:0#.f|membership|hweberg@harrahs.org,i:0#.f|membership|hweberg@caesars.com
i:0#.f|membership|gbogan1@harrahs.org,i:0#.f|membership|gbogan1@lasvegas.harrahs.com
i:0#.f|membership|jsevilla@harrahs.org,i:0#.f|membership|jsevilla@caesars.com
i:0#.f|membership|schandler@harrahs.org,i:0#.f|membership|schandler2@caesars.com
i:0#.f|membership|rdeaver@harrahs.org,i:0#.f|membership|rdeaver@harrahs.com
i:0#.f|membership|pschaab@harrahs.org,i:0#.f|membership|pschaab@caesars.com
i:0#.f|membership|whungsteel@harrahs.org,i:0#.f|membership|whungsteel@lvrio.harrahs.com
i:0#.f|membership|vcolligan@harrahs.org,i:0#.f|membership|vcolligan@cherokee.harrahs.com
i:0#.f|membership|rmorris@harrahs.org,i:0#.f|membership|rmorris@caesars.com
i:0#.f|membership|tcarpenter1@harrahs.org,i:0#.f|membership|tcarpenter1@caesars.com
i:0#.f|membership|llew@harrahs.org,i:0#.f|membership|llew@caesars.com
i:0#.f|membership|amyers1@harrahs.org,i:0#.f|membership|amyers1@caesars.com
i:0#.f|membership|asylvester@harrahs.org,i:0#.f|membership|asylvester@lvrio.harrahs.com
i:0#.f|membership|jgajardo@harrahs.org,i:0#.f|membership|jgajardo@caesars.com
i:0#.f|membership|hdalton@harrahs.org,i:0#.f|membership|hdalton@caesars.com
i:0#.f|membership|hughesnl@harrahs.org,i:0#.f|membership|hughesnl@harrahs.com
i:0#.f|membership|ltraylor@harrahs.org,i:0#.f|membership|ltraylor@caesars.com
i:0#.f|membership|jcwilson@harrahs.org,i:0#.f|membership|jcwilson@caesars.com
i:0#.f|membership|nlee@harrahs.org,i:0#.f|membership|nlee@caesars.com
i:0#.f|membership|rbeasley@harrahs.org,i:0#.f|membership|rbeasley@caesars.com
i:0#.f|membership|adestefano1@harrahs.org,i:0#.f|membership|adestefano1@caesars.com
i:0#.f|membership|tcooke@harrahs.org,i:0#.f|membership|tferrenburg@caesars.com
i:0#.f|membership|docruz@harrahs.org,i:0#.f|membership|docruz@caesars.com
i:0#.f|membership|jlangstraat@harrahs.org,i:0#.f|membership|jlangstraat@caesars.com
i:0#.f|membership|hwilkins@harrahs.org,i:0#.f|membership|hwilkins@caesars.com
i:0#.f|membership|mmarconi@harrahs.org,i:0#.f|membership|mmarconi@caesars.com
i:0#.f|membership|jkirby1@harrahs.org,i:0#.f|membership|jkirby1@caesars.com
i:0#.f|membership|jflores2@harrahs.org,i:0#.f|membership|jflores2@caesars.com
i:0#.f|membership|cwhipple@harrahs.org,i:0#.f|membership|cwhipple@harrahs.com
i:0#.f|membership|ldillard@harrahs.org,i:0#.f|membership|ldillard@harrahs.com
i:0#.f|membership|jwinchester@harrahs.org,i:0#.f|membership|jwinchester@caesars.com
i:0#.f|membership|jbarrow@harrahs.org,i:0#.f|membership|jbarrow@caesars.com
i:0#.f|membership|mfloriani@harrahs.org,i:0#.f|membership|mfloriani@caesars.com
i:0#.f|membership|ajugran@harrahs.org,i:0#.f|membership|ajugran@caesars.com
i:0#.f|membership|esimon@harrahs.org,i:0#.f|membership|esimon@caesars.com
i:0#.f|membership|pgrazian@harrahs.org,i:0#.f|membership|pgrazian@caesars.com
i:0#.f|membership|kteja@harrahs.org,i:0#.f|membership|kteja@caesars.com
i:0#.f|membership|dibrown@harrahs.org,i:0#.f|membership|dibrown@harrahs.com
i:0#.f|membership|tvanke@harrahs.org,i:0#.f|membership|tvanke@caesars.com
i:0#.f|membership|iahammer@harrahs.org,i:0#.f|membership|iahammer@caesars.com
i:0#.f|membership|lbrownlie@harrahs.org,i:0#.f|membership|lbrownlie@harrahs.com
i:0#.f|membership|micjohnson@harrahs.org,i:0#.f|membership|micjohnson@caesars.com
i:0#.f|membership|eylers@harrahs.org,i:0#.f|membership|eylers@lvrio.harrahs.com
i:0#.f|membership|gharwood@harrahs.org,i:0#.f|membership|gharwood@caesars.com
i:0#.f|membership|bkalikiri@harrahs.org,i:0#.f|membership|bkalikiri@caesars.com
i:0#.f|membership|csadler-spoletini@harrahs.org,i:0#.f|membership|csadler-spoletini@caesars.com
i:0#.f|membership|mooneyj@harrahs.org,i:0#.f|membership|mooneyj@caesars.com
i:0#.f|membership|abrunson@harrahs.org,i:0#.f|membership|abrunson@caesars.com
i:0#.f|membership|okupriyanova@harrahs.org,i:0#.f|membership|okupriyanova@caesars.com
i:0#.f|membership|cjohnson4@harrahs.org,i:0#.f|membership|cjohnson4@caesars.com
i:0#.f|membership|kwatson@harrahs.org,i:0#.f|membership|kwatson@harrahs.com
i:0#.f|membership|jterry@harrahs.org,i:0#.f|membership|jterry@caesars.com
i:0#.f|membership|lsanchez3@harrahs.org,i:0#.f|membership|lsanchez3@caesars.com
i:0#.f|membership|mccauleyb@harrahs.org,i:0#.f|membership|mccauleyb@caesars.com
i:0#.f|membership|kmcallister@harrahs.org,i:0#.f|membership|kmcallister@caesars.com
i:0#.f|membership|hgamineni@harrahs.org,i:0#.f|membership|hgamineni@caesars.com
i:0#.f|membership|sleigon@harrahs.org,i:0#.f|membership|sleigon@caesars.com
i:0#.f|membership|lhutchings@harrahs.org,i:0#.f|membership|lhutchings@caesars.com
i:0#.f|membership|ajlalwani@harrahs.org,i:0#.f|membership|ajlalwani@caesars.com
i:0#.f|membership|micohen@harrahs.org,i:0#.f|membership|micohen@caesars.com
i:0#.f|membership|smithna@harrahs.org,i:0#.f|membership|smithna@caesars.com
i:0#.f|membership|deisenach@harrahs.org,i:0#.f|membership|deisenach@caesars.com
i:0#.f|membership|jhanano@harrahs.org,i:0#.f|membership|jhanano@lvrio.harrahs.com
i:0#.f|membership|smcnamara@harrahs.org,i:0#.f|membership|smcnamara@caesars.com
i:0#.f|membership|womahoney@harrahs.org,i:0#.f|membership|womahoney@caesars.com
i:0#.f|membership|cbratetic@harrahs.org,i:0#.f|membership|cbratetic@caesars.com
i:0#.f|membership|jchan@harrahs.org,i:0#.f|membership|jchan@caesars.com
i:0#.f|membership|msmitherman@harrahs.org,i:0#.f|membership|msmitherman@lvrio.harrahs.com
i:0#.f|membership|tchang@harrahs.org,i:0#.f|membership|tchang@caesars.com
i:0#.f|membership|rcates@harrahs.org,i:0#.f|membership|rcates@caesars.com
i:0#.f|membership|dfischer@harrahs.org,i:0#.f|membership|dfischer@caesars.com
i:0#.f|membership|jkaniewski@harrahs.org,i:0#.f|membership|jkaniewski@caesars.com
i:0#.f|membership|zmiles@harrahs.org,i:0#.f|membership|zmiles@caesars.com
i:0#.f|membership|stight@harrahs.org,i:0#.f|membership|stight@caesars.com
i:0#.f|membership|kwright@harrahs.org,i:0#.f|membership|kwright@caesars.com
i:0#.f|membership|sjain1@harrahs.org,i:0#.f|membership|sjain1@caesars.com
i:0#.f|membership|solson1@harrahs.org,i:0#.f|membership|solson1@caesars.com
i:0#.f|membership|cruthirdss@harrahs.org,i:0#.f|membership|cruthirdss@caesars.com
i:0#.f|membership|bgeraci@harrahs.org,i:0#.f|membership|bgeraci@caesars.com
i:0#.f|membership|carolynm@harrahs.org,i:0#.f|membership|carolynm@caesars.com
i:0#.f|membership|achavez5@harrahs.org,i:0#.f|membership|achavez5@caesars.com
i:0#.f|membership|schobe@harrahs.org,i:0#.f|membership|schobe@caesars.com
i:0#.f|membership|chouse1@harrahs.org,i:0#.f|membership|chouse1@caesars.com
i:0#.f|membership|sjones8@harrahs.org,i:0#.f|membership|sjones8@caesars.com
i:0#.f|membership|martinezf@harrahs.org,i:0#.f|membership|martinezf@caesars.com
i:0#.f|membership|frodriguez@harrahs.org,i:0#.f|membership|frodriguez@harrahs.com
i:0#.f|membership|johnlouis@harrahs.org,i:0#.f|membership|johnlouis@caesars.com
i:0#.f|membership|yknisley@harrahs.org,i:0#.f|membership|yknisley@caesars.com
i:0#.f|membership|sdeery@harrahs.org,i:0#.f|membership|sdeery@caesars.com
i:0#.f|membership|sluebbert@harrahs.org,i:0#.f|membership|sluebbert@caesars.com
i:0#.f|membership|dmoric@harrahs.org,i:0#.f|membership|dmoric@caesars.com
i:0#.f|membership|ssingh1@harrahs.org,i:0#.f|membership|ssingh1@caesars.com
i:0#.f|membership|ccalvin@harrahs.org,i:0#.f|membership|ccalvin@caesars.com
i:0#.f|membership|lharlow@harrahs.org,i:0#.f|membership|lharlow@caesars.com
i:0#.f|membership|mwhite@harrahs.org,i:0#.f|membership|mwhite2@caesars.com
i:0#.f|membership|mfeider@harrahs.org,i:0#.f|membership|mfeider@caesars.com
i:0#.f|membership|walshna@harrahs.org,i:0#.f|membership|walshna@lvrio.harrahs.com
i:0#.f|membership|jthompson4@harrahs.org,i:0#.f|membership|jthompson4@caesars.com
i:0#.f|membership|ebalbuena@harrahs.org,i:0#.f|membership|ebalbuena@caesars.com
i:0#.f|membership|asilaev@harrahs.org,i:0#.f|membership|asilaev@caesars.com
i:0#.f|membership|sdelgado@harrahs.org,i:0#.f|membership|svanorsow@caesars.com
i:0#.f|membership|rdamario@harrahs.org,i:0#.f|membership|rdamario@caesars.com
i:0#.f|membership|sarajackson@harrahs.org,i:0#.f|membership|sarajackson@lvrio.harrahs.com
i:0#.f|membership|jdoege@harrahs.org,i:0#.f|membership|jdoege@caesars.com
i:0#.f|membership|dquick@harrahs.org,i:0#.f|membership|dquick@caesars.com
i:0#.f|membership|anapasindayao@harrahs.org,i:0#.f|membership|anapasindayao@caesars.com
i:0#.f|membership|dismith@harrahs.org,i:0#.f|membership|dismith@caesars.com
i:0#.f|membership|anerukar@harrahs.org,i:0#.f|membership|anerukar@caesars.com
i:0#.f|membership|dfrost@harrahs.org,i:0#.f|membership|dfrost@caesars.com
i:0#.f|membership|lwong@harrahs.org,i:0#.f|membership|lwong@caesars.com
i:0#.f|membership|vlisa@harrahs.org,i:0#.f|membership|vlisa@caesars.com
i:0#.f|membership|sgoodden@harrahs.org,i:0#.f|membership|scottgoodden@caesars.com
i:0#.f|membership|sgoodden.da@harrahs.org,i:0#.f|membership|scottgoodden@caesars.com
i:0#.f|membership|crayer_caesars.co.uk#ext#@caesarsportal.onmicrosoft.com,i:0#.f|membership|crayer_caesars.co.uk#ext#@caesars365.onmicrosoft.com
i:0#.f|membership|greg.mason_tibaparking.com#ext#@caesarsportal.onmicrosoft.com,i:0#.f|membership|greg.mason_tibaparking.com#ext#@caesars365.onmicrosoft.com
i:0#.f|membership|beatrice_traveltripper.com#ext#@caesarsportal.onmicrosoft.com,i:0#.f|membership|beatrice_traveltripper.com#ext#@caesars365.onmicrosoft.com
i:0#.f|membership|bxu_workforcesoftware.com#ext#@caesarsportal.onmicrosoft.com,i:0#.f|membership|bxu_workforcesoftware.com#ext#@caesars365.onmicrosoft.com
i:0#.f|membership|cathy.boer_infor.com#ext#@caesarsportal.onmicrosoft.com,i:0#.f|membership|cathy.boer_infor.com#ext#@caesars365.onmicrosoft.com
i:0#.f|membership|dwayne.falcon_bearcom.com#ext#@caesarsportal.onmicrosoft.com,i:0#.f|membership|dwayne.falcon_bearcom.com#ext#@caesars365.onmicrosoft.com
i:0#.f|membership|dzubricki_gmail.com#ext#@caesarsportal.onmicrosoft.com,i:0#.f|membership|dz_dzconsulting.com#ext#@caesars365.onmicrosoft.com
i:0#.f|membership|ejsherm0813_hotmail.com#ext#@caesarsportal.onmicrosoft.com,i:0#.f|membership|eric.sherman_infor.com#ext#@caesars365.onmicrosoft.com
i:0#.f|membership|hanklar1_aol.com#ext#@caesarsportal.onmicrosoft.com,i:0#.f|membership|hanklar1_aol.com#ext#@caesars365.onmicrosoft.com
i:0#.f|membership|jay.watson.tempe_cox.net#ext#@caesarsportal.onmicrosoft.com,i:0#.f|membership|jay.watson.tempe_cox.net#ext#@caesars365.onmicrosoft.com
i:0#.f|membership|lisa.verkerk_infor.com#ext#@caesarsportal.onmicrosoft.com,i:0#.f|membership|lisa.verkerk_infor.com#ext#@caesars365.onmicrosoft.com
i:0#.f|membership|mamnun_traveltripper.com#ext#@caesarsportal.onmicrosoft.com,i:0#.f|membership|mamnun_traveltripper.com#ext#@caesars365.onmicrosoft.com
i:0#.f|membership|mark.dobberstein_perficient.com#ext#@caesarsportal.onmicrosoft.com,i:0#.f|membership|mark.dobberstein_perficient.com#ext#@caesars365.onmicrosoft.com
i:0#.f|membership|natasha_traveltripper.com#ext#@caesarsportal.onmicrosoft.com,i:0#.f|membership|natasha_traveltripper.com#ext#@caesars365.onmicrosoft.com
i:0#.f|membership|rocca_adobe.com#ext#@caesarsportal.onmicrosoft.com,i:0#.f|membership|rocca_adobe.com#ext#@caesars365.onmicrosoft.com
i:0#.f|membership|sigalar@harrahs.org,i:0#.f|membership|sigalar@caesars.com
i:0#.f|membership|jcowart@harrahs.org,i:0#.f|membership|jcowart@caesars.com
i:0#.f|membership|tmonsour@harrahs.org,i:0#.f|membership|tmonsour@caesars.com
i:0#.f|membership|asaraswat@harrahs.org,i:0#.f|membership|asaraswat@caesars.com
i:0#.f|membership|sjain@harrahs.org,i:0#.f|membership|sjain@caesars.com
i:0#.f|membership|skumar1@harrahs.org,i:0#.f|membership|skumar1@caesars.com
i:0#.f|membership|rmorse1@harrahs.org,i:0#.f|membership|bobmorse@caesars.com
i:0#.f|membership|jgastwirth@harrahs.org,i:0#.f|membership|jgastwirth@caesars.com
i:0#.f|membership|jsharma@harrahs.org,i:0#.f|membership|jsharma@caesars.com
i:0#.f|membership|sdicicco@harrahs.org,i:0#.f|membership|sdicicco@caesars.com
i:0#.f|membership|aswenson@harrahs.org,i:0#.f|membership|aswenson@lvrio.harrahs.com
i:0#.f|membership|byounce@harrahs.org,i:0#.f|membership|byounce@caesars.com
i:0#.f|membership|edsimpson@harrahs.org,i:0#.f|membership|edsimpson@lvrio.harrahs.com
i:0#.f|membership|eferguson@harrahs.org,i:0#.f|membership|eferguson@cherokee.harrahs.com
i:0#.f|membership|jowle@harrahs.org,i:0#.f|membership|jowle@cherokee.harrahs.com
i:0#.f|membership|mcaldwell@harrahs.org,i:0#.f|membership|mcaldwell@cherokee.harrahs.com
i:0#.f|membership|nhuskey@harrahs.org,i:0#.f|membership|nhuskey@cherokee.harrahs.com
i:0#.f|membership|bfoley@harrahs.org,i:0#.f|membership|bfoley@caesars.com
i:0#.f|membership|aplotnicoff@harrahs.org,i:0#.f|membership|aplotnicoff@caesars.com
i:0#.f|membership|amazmanyan@harrahs.org,i:0#.f|membership|amazmanyan@caesars.com
i:0#.f|membership|blessing@harrahs.org,i:0#.f|membership|blessing@caesars.com
i:0#.f|membership|cching@harrahs.org,i:0#.f|membership|cching@caesars.com
i:0#.f|membership|jkreitz@harrahs.org,i:0#.f|membership|jkreitz@caesars.com
i:0#.f|membership|jknesh@harrahs.org,i:0#.f|membership|jknesh@caesars.com
i:0#.f|membership|jdurivage@harrahs.org,i:0#.f|membership|jdurivage@caesars.com
i:0#.f|membership|krivera2@harrahs.org,i:0#.f|membership|krivera2@caesars.com
i:0#.f|membership|kburkhalter@harrahs.org,i:0#.f|membership|kburkhalter@caesars.com
i:0#.f|membership|xlai@harrahs.org,i:0#.f|membership|xlai@caesars.com
i:0#.f|membership|mholcomb@harrahs.org,i:0#.f|membership|mholcomb@caesars.com
i:0#.f|membership|narmogan@harrahs.org,i:0#.f|membership|narmogan@caesars.com
i:0#.f|membership|ochaplygina@harrahs.org,i:0#.f|membership|ochaplygina@caesars.com
i:0#.f|membership|pcheng@harrahs.org,i:0#.f|membership|pcheng@caesars.com
i:0#.f|membership|rbartolini@harrahs.org,i:0#.f|membership|rbartolini@caesars.com
i:0#.f|membership|rbradshaw@harrahs.org,i:0#.f|membership|rbradshaw@caesars.com
i:0#.f|membership|rbrown8@harrahs.org,i:0#.f|membership|rbrown8@harrahs.com
i:0#.f|membership|shealy@harrahs.org,i:0#.f|membership|shealy@caesars.com
i:0#.f|membership|swright@harrahs.org,i:0#.f|membership|swright@caesars.com
i:0#.f|membership|tradford@harrahs.org,i:0#.f|membership|tradford@caesars.com
i:0#.f|membership|xzhang@harrahs.org,i:0#.f|membership|xzhang@planethollywood.com
i:0#.f|membership|rvoss@harrahs.org,i:0#.f|membership|rvoss@caesars.com
i:0#.f|membership|hsteele@harrahs.org,i:0#.f|membership|hsteele@caesars.com
i:0#.f|membership|shenry@harrahs.org,i:0#.f|membership|shenry@caesars.com
i:0#.f|membership|plee@harrahs.org,i:0#.f|membership|plee@caesars.com
i:0#.f|membership|doug_ijws.com#ext#@caesarsportal.onmicrosoft.com,i:0#.f|membership|doug_ijws.com#ext#@caesars365.onmicrosoft.com
i:0#.f|membership|tonytang1991_hotmail.com#ext#@caesarsportal.onmicrosoft.com,i:0#.f|membership|hatang_deloitte.com#ext#@caesars365.onmicrosoft.com
i:0#.f|membership|mibrooks_microsoft.com#ext#@caesarsportal.onmicrosoft.com,i:0#.f|membership|mibrooks_microsoft.com#ext#@caesars365.onmicrosoft.com
i:0#.f|membership|akaplan@harrahs.org,i:0#.f|membership|akaplan@caesars.com
i:0#.f|membership|blord@harrahs.org,i:0#.f|membership|blord@caesars.com
i:0#.f|membership|bchesnick@harrahs.org,i:0#.f|membership|bchesnick@caesars.com
i:0#.f|membership|crichards2@harrahs.org,i:0#.f|membership|crichards2@caesarspalace.com
i:0#.f|membership|djayaseelan@harrahs.org,i:0#.f|membership|djayaseelan@caesars.com
i:0#.f|membership|pmoosavi@harrahs.org,i:0#.f|membership|pmoosavi@caesars.com
i:0#.f|membership|veilers@harrahs.org,i:0#.f|membership|veilers@caesars.com
i:0#.f|membership|acox1@harrahs.org,i:0#.f|membership|acox1@lvrio.harrahs.com
i:0#.f|membership|mwills@harrahs.org,i:0#.f|membership|mwills@lvrio.harrahs.com
i:0#.f|membership|mconroy@harrahs.org,i:0#.f|membership|mconroy@lvrio.harrahs.com
i:0#.f|membership|sstevens2@harrahs.org,i:0#.f|membership|sstevens2@caesars.com
i:0#.f|membership|kcolley@harrahs.org,i:0#.f|membership|kcolley@caesars.com
i:0#.f|membership|mdhiman@harrahs.org,i:0#.f|membership|mdhiman@caesars.com
i:0#.f|membership|amiller3@harrahs.org,i:0#.f|membership|amiller3@lvrio.harrahs.com
i:0#.f|membership|bwagner1@harrahs.org,i:0#.f|membership|bwagner1@caesars.com
i:0#.f|membership|cpaelinck@harrahs.org,i:0#.f|membership|cpaelinck@caesars.com
i:0#.f|membership|jbeard@harrahs.org,i:0#.f|membership|jbeard@caesars.com
i:0#.f|membership|straynor@harrahs.org,i:0#.f|membership|straynor@caesars.com
i:0#.f|membership|bklink@harrahs.org,i:0#.f|membership|bklink@caesars.com
i:0#.f|membership|djohnson2@harrahs.org,i:0#.f|membership|djohnson2@caesars.com
i:0#.f|membership|dwilfong@harrahs.org,i:0#.f|membership|dwilfong@caesars.com
i:0#.f|membership|jlyons@harrahs.org,i:0#.f|membership|jlyons@caesars.com
i:0#.f|membership|jchoi@harrahs.org,i:0#.f|membership|jchoi@caesars.com
i:0#.f|membership|kmoore@harrahs.org,i:0#.f|membership|kmoore@caesars.com
i:0#.f|membership|lbarger@harrahs.org,i:0#.f|membership|lbarger@lvrio.harrahs.com
i:0#.f|membership|mstein@harrahs.org,i:0#.f|membership|mstein@caesars.com
i:0#.f|membership|mwinterscheidt@harrahs.org,i:0#.f|membership|mwinterscheidt@lvrio.harrahs.com
i:0#.f|membership|rdavis@harrahs.org,i:0#.f|membership|rdavis@caesars.com
i:0#.f|membership|tevans@harrahs.org,i:0#.f|membership|tevans@caesars.com
i:0#.f|membership|pcrocitto@harrahs.org,i:0#.f|membership|pcrocitto@caesars.com
i:0#.f|membership|mfranklin@harrahs.org,i:0#.f|membership|mfranklin@caesars.com
i:0#.f|membership|rrubio@harrahs.org,i:0#.f|membership|rrubio@caesars.com
i:0#.f|membership|mpalenik@harrahs.org,i:0#.f|membership|mpalenik@caesars.com
i:0#.f|membership|kzigler@harrahs.org,i:0#.f|membership|kzigler@caesars.com
i:0#.f|membership|mlunter@harrahs.org,i:0#.f|membership|mlunter@caesars.com
i:0#.f|membership|manfinson@harrahs.org,i:0#.f|membership|manfinson@caesars.com
i:0#.f|membership|freem@harrahs.org,i:0#.f|membership|freem@caesars.com
i:0#.f|membership|mstratton@harrahs.org,i:0#.f|membership|mstratton@caesars.com
i:0#.f|membership|sgulick@harrahs.org,i:0#.f|membership|sgulick@caesars.com
i:0#.f|membership|tshaukat@harrahs.org,i:0#.f|membership|tshaukat@caesars.com
i:0#.f|membership|akurup@harrahs.org,i:0#.f|membership|akurup@caesars.com
i:0#.f|membership|ajain@harrahs.org,i:0#.f|membership|ajain@caesars.com
i:0#.f|membership|bpost@harrahs.org,i:0#.f|membership|bpost@caesars.com
i:0#.f|membership|blau@harrahs.org,i:0#.f|membership|blau@caesars.com
i:0#.f|membership|blyne@harrahs.org,i:0#.f|membership|blyne@caesars.com
i:0#.f|membership|melliott@harrahs.org,i:0#.f|membership|melliott@caesars.com
i:0#.f|membership|cklaska@harrahs.org,i:0#.f|membership|cklaska@caesars.com
i:0#.f|membership|crdavis@harrahs.org,i:0#.f|membership|crdavis@caesars.com
i:0#.f|membership|cwedgeworth@harrahs.org,i:0#.f|membership|cwedgeworth@caesars.com
i:0#.f|membership|daromero@harrahs.org,i:0#.f|membership|daromero@caesars.com
i:0#.f|membership|ddo@harrahs.org,i:0#.f|membership|ddo@caesars.com
i:0#.f|membership|edroukas@harrahs.org,i:0#.f|membership|edroukas@caesars.com
i:0#.f|membership|iyeung@harrahs.org,i:0#.f|membership|iyeung@caesars.com
i:0#.f|membership|jrunyan@harrahs.org,i:0#.f|membership|jrunyan@harrahs.com
i:0#.f|membership|jhouchin@harrahs.org,i:0#.f|membership|jhouchin@caesars.com
i:0#.f|membership|ggawlik@harrahs.org,i:0#.f|membership|ggawlik@caesars.com
i:0#.f|membership|mlieber@harrahs.org,i:0#.f|membership|mlieber@caesars.com
i:0#.f|membership|mkrawczyk@harrahs.org,i:0#.f|membership|mkrawczyk@caesars.com
i:0#.f|membership|mtessler@harrahs.org,i:0#.f|membership|mtessler@caesars.com
i:0#.f|membership|mimurphy@harrahs.org,i:0#.f|membership|mimurphy@caesars.com
i:0#.f|membership|nithomas@harrahs.org,i:0#.f|membership|nithomas@caesars.com
i:0#.f|membership|rjain1@harrahs.org,i:0#.f|membership|rjain1@caesars.com
i:0#.f|membership|rbhatia@harrahs.org,i:0#.f|membership|rbhatia@caesars.com
i:0#.f|membership|ralagarsamy@harrahs.org,i:0#.f|membership|ralagarsamy@caesars.com
i:0#.f|membership|sribarich@harrahs.org,i:0#.f|membership|sribarich@caesars.com
i:0#.f|membership|vrevel@harrahs.org,i:0#.f|membership|vrevel@caesars.com
i:0#.f|membership|dbrooks@harrahs.org,i:0#.f|membership|dbrooks@caesars.com
i:0#.f|membership|jvalle@harrahs.org,i:0#.f|membership|jvalle@caesars.com
i:0#.f|membership|ogritsan@harrahs.org,i:0#.f|membership|ogritsan@caesars.com
i:0#.f|membership|sseelbinder_yahoo.com#ext#@caesarsportal.onmicrosoft.com,i:0#.f|membership|sseelbinder@harrahs.com
i:0#.f|membership|jbarsodi@caesarsportal.onmicrosoft.com,i:0#.f|membership|jbarsodi@caesars365.onmicrosoft.com
i:0#.f|membership|sbodow@harrahs.org,i:0#.f|membership|sbodow@caesars.com
i:0#.f|membership|dz_dzconsulting.com#ext#@caesarsportal.onmicrosoft.com,i:0#.f|membership|dz_dzconsulting.com#EXT#@caesars365.onmicrosoft.com
i:0#.f|membership|nbarnes1_caesars.com#ext#@caesarsportal.onmicrosoft.com,i:0#.f|membership|nbarnes1@caesars.com
i:0#.f|membership|thoelscher@caesarsportal.onmicrosoft.com,i:0#.f|membership|thoelscher_caesarsportal.onmicrosoft.com#ext#@caesars365.onmicrosoft.com
i:0#.f|membership|rbeasley_caesars.com#ext#@caesarsportal.onmicrosoft.com,i:0#.f|membership|rbeasley@caesars.com
i:0#.f|membership|vsharma1@harrahs.org,i:0#.f|membership|vsharma@caesars.com
i:0#.f|membership|cvanantwerp@harrahs.org,i:0#.f|membership|cvanantwerp@harrahs.com
i:0#.f|membership|malden@harrahs.org,i:0#.f|membership|malden@harrahs.com
i:0#.f|membership|skhalifa@harrahs.org,i:0#.f|membership|skhalifa@harrahs.com
i:0#.f|membership|thull_caesars.com#ext#@caesarsportal.onmicrosoft.com,i:0#.f|membership|thull@caesars.com
i:0#.f|membership|wjcox_caesars.com#ext#@caesarsportal.onmicrosoft.com,i:0#.f|membership|wjcox@harrahs.com
i:0#.f|membership|rday1@harrahs.org,i:0#.f|membership|rday1@caesars.com
i:0#.f|membership|eso@harrahs.org,i:0#.f|membership|eso@caesars.com
i:0#.f|membership|jlam@harrahs.org,i:0#.f|membership|jlam@caesars.com
i:0#.f|membership|ywatanabe@harrahs.org,i:0#.f|membership|ywatanabe@caesars.com
i:0#.f|membership|aaron.wilson_perficient.com#ext#@caesarsportal.onmicrosoft.com,i:0#.f|membership|awilson1@caesars.com
i:0#.f|membership|john.barsodi_perficient.com#ext#@caesarsportal.onmicrosoft.com,i:0#.f|membership|jbarsodi@caesars365.onmicrosoft.com
i:0#.f|membership|greg.thomas_perficient.com#ext#@caesarsportal.onmicrosoft.com,i:0#.f|membership|gthomas@caesars365.onmicrosoft.com
i:0#.f|membership|mike.willis_perficient.com#ext#@caesarsportal.onmicrosoft.com,i:0#.f|membership|mwillis@caesars365.onmicrosoft.com
i:0#.f|membership|robert.anderson_perficient.com#ext#@caesarsportal.onmicrosoft.com,i:0#.f|membership|roanderson@caesars365.onmicrosoft.com
